line_number,start_time,end_time,status,reservation_number,space_id
1,2024-10-28 08:00:00,2024-10-28 10:00:00,P,RV0012,S3
2,2025-10-09 07:00:00,2025-10-09 09:00:00,A,RV0342,S5
3,2024-03-05 07:00:00,2024-03-05 09:00:00,P,RV0959,S4
4,2023-06-12 11:00:00,2023-06-12 12:00:00,A,RV0353,S3
5,2025-05-11 09:00:00,2025-05-11 10:00:00,A,RV0884,S2
6,2022-01-24 16:00:00,2022-01-24 17:00:00,C,RV0917,S5
7,2020-02-24 11:00:00,2020-02-24 13:00:00,A,RV0614,S5
8,2023-03-17 17:00:00,2023-03-17 18:00:00,C,RV0561,S4
9,2024-02-12 16:00:00,2024-02-12 17:00:00,A,RV0102,S1
10,2022-11-28 09:00:00,2022-11-28 10:00:00,A,RV0608,S5
11,2024-09-07 13:00:00,2024-09-07 14:00:00,A,RV0351,S5
12,2020-03-04 06:00:00,2020-03-04 08:00:00,A,RV0134,S2
13,2023-10-29 20:00:00,2023-10-29 22:00:00,A,RV0010,S4
14,2021-05-08 09:00:00,2021-05-08 11:00:00,P,RV0020,S2
15,2024-06-25 11:00:00,2024-06-25 12:00:00,C,RV0084,S4
16,2022-03-09 17:00:00,2022-03-09 18:00:00,A,RV0312,S4
17,2020-05-18 08:00:00,2020-05-18 10:00:00,C,RV0378,S4
18,2022-09-14 06:00:00,2022-09-14 08:00:00,A,RV0725,S2
19,2022-05-31 18:00:00,2022-05-31 20:00:00,P,RV0575,S3
20,2024-09-27 19:00:00,2024-09-27 21:00:00,A,RV0647,S1
21,2022-07-16 17:00:00,2022-07-16 18:00:00,A,RV0814,S2
22,2022-04-14 16:00:00,2022-04-14 17:00:00,A,RV0508,S4
23,2022-06-13 08:00:00,2022-06-13 10:00:00,P,RV0160,S4
24,2022-09-18 09:00:00,2022-09-18 10:00:00,A,RV0647,S5
25,2025-12-14 20:00:00,2025-12-14 22:00:00,A,RV0913,S1
26,2020-10-15 10:00:00,2020-10-15 11:00:00,P,RV0754,S2
27,2023-01-07 12:00:00,2023-01-07 14:00:00,C,RV0415,S2
28,2020-04-16 09:00:00,2020-04-16 10:00:00,P,RV0621,S4
29,2023-12-16 12:00:00,2023-12-16 14:00:00,P,RV0652,S2
30,2022-09-22 12:00:00,2022-09-22 14:00:00,A,RV0867,S5
31,2025-02-23 18:00:00,2025-02-23 19:00:00,A,RV0528,S2
32,2025-07-03 11:00:00,2025-07-03 12:00:00,A,RV0965,S1
33,2022-09-14 08:00:00,2022-09-14 10:00:00,P,RV0683,S5
34,2020-02-07 06:00:00,2020-02-07 07:00:00,P,RV0874,S3
35,2025-08-08 20:00:00,2025-08-08 21:00:00,P,RV0039,S2
36,2024-05-17 09:00:00,2024-05-17 11:00:00,P,RV0967,S1
37,2024-05-02 09:00:00,2024-05-02 10:00:00,A,RV0002,S1
38,2021-03-10 06:00:00,2021-03-10 07:00:00,A,RV0412,S1
39,2020-02-03 16:00:00,2020-02-03 17:00:00,A,RV0193,S1
40,2024-01-08 08:00:00,2024-01-08 10:00:00,A,RV0773,S4
41,2024-01-12 17:00:00,2024-01-12 19:00:00,A,RV0681,S5
42,2023-05-13 09:00:00,2023-05-13 10:00:00,P,RV0226,S5
43,2021-02-23 14:00:00,2021-02-23 15:00:00,P,RV0561,S4
44,2020-04-02 14:00:00,2020-04-02 16:00:00,A,RV0422,S1
45,2024-02-17 18:00:00,2024-02-17 20:00:00,A,RV0333,S2
46,2021-03-20 17:00:00,2021-03-20 19:00:00,P,RV0748,S3
47,2024-09-10 09:00:00,2024-09-10 11:00:00,P,RV0326,S4
48,2022-07-12 12:00:00,2022-07-12 13:00:00,A,RV0342,S1
49,2026-02-27 12:00:00,2026-02-27 14:00:00,A,RV0308,S5
50,2025-04-11 10:00:00,2025-04-11 11:00:00,A,RV0775,S4
51,2020-11-10 11:00:00,2020-11-10 13:00:00,P,RV0592,S5
52,2022-09-30 12:00:00,2022-09-30 13:00:00,A,RV0548,S4
53,2021-03-15 14:00:00,2021-03-15 15:00:00,C,RV0136,S4
54,2022-10-17 15:00:00,2022-10-17 17:00:00,A,RV0775,S4
55,2024-05-24 16:00:00,2024-05-24 17:00:00,C,RV0743,S4
56,2022-09-29 06:00:00,2022-09-29 07:00:00,C,RV0665,S4
57,2024-02-29 14:00:00,2024-02-29 16:00:00,P,RV0013,S5
58,2024-08-21 08:00:00,2024-08-21 10:00:00,C,RV0907,S5
59,2021-12-30 14:00:00,2021-12-30 16:00:00,C,RV0179,S5
60,2022-10-04 19:00:00,2022-10-04 21:00:00,P,RV0020,S5
61,2022-11-09 15:00:00,2022-11-09 16:00:00,A,RV0613,S2
62,2024-06-06 09:00:00,2024-06-06 10:00:00,A,RV0320,S3
63,2024-03-01 14:00:00,2024-03-01 15:00:00,A,RV0742,S1
64,2024-06-27 20:00:00,2024-06-27 22:00:00,P,RV0438,S2
65,2023-12-10 19:00:00,2023-12-10 20:00:00,A,RV0139,S4
66,2022-10-03 06:00:00,2022-10-03 07:00:00,P,RV0885,S3
67,2023-08-18 08:00:00,2023-08-18 09:00:00,A,RV0485,S2
68,2020-10-17 13:00:00,2020-10-17 14:00:00,A,RV0477,S4
69,2024-03-26 07:00:00,2024-03-26 08:00:00,C,RV0470,S2
70,2025-09-11 13:00:00,2025-09-11 15:00:00,A,RV0701,S5
71,2025-08-14 18:00:00,2025-08-14 19:00:00,C,RV0344,S3
72,2022-11-26 19:00:00,2022-11-26 21:00:00,C,RV0672,S1
73,2024-02-11 10:00:00,2024-02-11 12:00:00,P,RV0430,S2
74,2026-03-20 12:00:00,2026-03-20 13:00:00,A,RV0786,S2
75,2022-12-05 20:00:00,2022-12-05 22:00:00,A,RV0818,S2
76,2023-02-02 09:00:00,2023-02-02 11:00:00,A,RV0802,S2
77,2023-02-03 09:00:00,2023-02-03 11:00:00,A,RV0677,S3
78,2020-11-18 09:00:00,2020-11-18 11:00:00,A,RV0479,S5
79,2021-10-07 08:00:00,2021-10-07 09:00:00,A,RV0114,S4
80,2020-07-29 13:00:00,2020-07-29 14:00:00,A,RV0894,S5
81,2022-07-26 06:00:00,2022-07-26 07:00:00,A,RV0499,S1
82,2021-03-07 08:00:00,2021-03-07 10:00:00,A,RV0079,S1
83,2024-12-07 07:00:00,2024-12-07 08:00:00,A,RV0575,S1
84,2020-02-13 12:00:00,2020-02-13 13:00:00,A,RV0398,S1
85,2024-08-25 19:00:00,2024-08-25 20:00:00,P,RV0273,S5
86,2026-04-28 11:00:00,2026-04-28 12:00:00,P,RV0043,S1
87,2023-12-05 15:00:00,2023-12-05 16:00:00,C,RV0971,S5
88,2025-11-08 14:00:00,2025-11-08 16:00:00,P,RV0933,S5
89,2024-11-06 20:00:00,2024-11-06 21:00:00,A,RV0807,S2
90,2021-08-28 11:00:00,2021-08-28 13:00:00,A,RV0448,S2
91,2023-03-20 06:00:00,2023-03-20 07:00:00,A,RV0942,S3
92,2025-02-16 16:00:00,2025-02-16 18:00:00,P,RV0969,S5
93,2020-09-18 17:00:00,2020-09-18 18:00:00,A,RV0262,S3
94,2020-09-19 15:00:00,2020-09-19 16:00:00,A,RV0944,S4
95,2024-12-15 06:00:00,2024-12-15 08:00:00,A,RV0353,S2
96,2024-09-06 20:00:00,2024-09-06 22:00:00,P,RV0016,S3
97,2024-02-01 16:00:00,2024-02-01 17:00:00,A,RV0815,S3
98,2023-08-14 15:00:00,2023-08-14 17:00:00,P,RV0698,S4
99,2023-08-27 08:00:00,2023-08-27 10:00:00,P,RV0207,S5
100,2021-02-28 11:00:00,2021-02-28 12:00:00,A,RV0680,S5
101,2021-03-06 12:00:00,2021-03-06 14:00:00,A,RV0387,S4
102,2022-02-12 12:00:00,2022-02-12 13:00:00,A,RV0742,S3
103,2022-08-14 19:00:00,2022-08-14 20:00:00,P,RV0835,S5
104,2025-07-06 18:00:00,2025-07-06 20:00:00,A,RV0900,S5
105,2024-08-20 07:00:00,2024-08-20 09:00:00,P,RV0473,S4
106,2022-01-24 18:00:00,2022-01-24 19:00:00,P,RV0268,S5
107,2024-02-23 12:00:00,2024-02-23 13:00:00,A,RV0544,S1
108,2020-12-20 11:00:00,2020-12-20 13:00:00,P,RV0882,S5
109,2025-12-09 07:00:00,2025-12-09 08:00:00,P,RV0826,S1
110,2020-06-03 15:00:00,2020-06-03 17:00:00,A,RV0617,S2
111,2023-03-25 16:00:00,2023-03-25 18:00:00,A,RV0346,S3
112,2024-04-13 10:00:00,2024-04-13 12:00:00,A,RV0594,S4
113,2025-08-14 12:00:00,2025-08-14 14:00:00,A,RV0540,S2
114,2024-01-29 16:00:00,2024-01-29 18:00:00,C,RV0758,S1
115,2020-04-10 11:00:00,2020-04-10 13:00:00,A,RV0772,S1
116,2020-10-23 06:00:00,2020-10-23 08:00:00,A,RV0758,S4
117,2024-05-08 11:00:00,2024-05-08 12:00:00,P,RV0327,S1
118,2023-09-11 20:00:00,2023-09-11 21:00:00,A,RV0143,S5
119,2023-02-05 08:00:00,2023-02-05 10:00:00,P,RV0282,S1
120,2021-12-28 09:00:00,2021-12-28 11:00:00,A,RV0530,S4
121,2023-05-24 15:00:00,2023-05-24 16:00:00,C,RV0103,S1
122,2025-07-07 06:00:00,2025-07-07 08:00:00,A,RV0647,S3
123,2021-04-17 10:00:00,2021-04-17 12:00:00,P,RV0604,S2
124,2022-06-27 08:00:00,2022-06-27 10:00:00,A,RV0987,S3
125,2023-02-23 07:00:00,2023-02-23 09:00:00,A,RV0111,S3
126,2024-03-30 14:00:00,2024-03-30 15:00:00,A,RV0696,S5
127,2020-12-06 07:00:00,2020-12-06 09:00:00,C,RV0963,S5
128,2021-07-17 18:00:00,2021-07-17 19:00:00,A,RV0922,S2
129,2024-06-30 13:00:00,2024-06-30 14:00:00,A,RV0650,S5
130,2025-04-02 20:00:00,2025-04-02 22:00:00,P,RV0880,S5
131,2021-07-15 17:00:00,2021-07-15 18:00:00,P,RV0107,S1
132,2021-09-02 16:00:00,2021-09-02 18:00:00,A,RV0643,S4
133,2024-02-06 10:00:00,2024-02-06 11:00:00,A,RV0900,S3
134,2021-02-13 17:00:00,2021-02-13 19:00:00,A,RV0010,S4
135,2021-07-13 11:00:00,2021-07-13 13:00:00,A,RV0772,S3
136,2020-02-18 15:00:00,2020-02-18 16:00:00,P,RV0642,S4
137,2022-06-21 13:00:00,2022-06-21 14:00:00,P,RV0826,S5
138,2023-05-08 13:00:00,2023-05-08 14:00:00,A,RV0121,S4
139,2022-01-20 09:00:00,2022-01-20 11:00:00,A,RV0312,S2
140,2023-06-14 13:00:00,2023-06-14 15:00:00,C,RV0979,S5
141,2021-12-30 20:00:00,2021-12-30 21:00:00,C,RV0064,S3
142,2020-06-12 18:00:00,2020-06-12 19:00:00,A,RV0654,S5
143,2024-03-21 08:00:00,2024-03-21 10:00:00,A,RV0167,S1
144,2022-07-23 16:00:00,2022-07-23 17:00:00,C,RV0112,S5
145,2023-10-12 13:00:00,2023-10-12 15:00:00,A,RV0230,S3
146,2022-01-19 15:00:00,2022-01-19 16:00:00,C,RV0711,S2
147,2025-03-08 06:00:00,2025-03-08 07:00:00,A,RV0374,S5
148,2025-07-27 15:00:00,2025-07-27 16:00:00,A,RV0847,S5
149,2025-06-25 19:00:00,2025-06-25 21:00:00,A,RV0818,S5
150,2023-08-12 11:00:00,2023-08-12 13:00:00,A,RV0768,S4
151,2020-06-07 07:00:00,2020-06-07 09:00:00,A,RV0652,S1
152,2020-04-14 19:00:00,2020-04-14 20:00:00,P,RV0133,S1
153,2025-04-15 19:00:00,2025-04-15 20:00:00,A,RV0548,S2
154,2023-11-24 15:00:00,2023-11-24 17:00:00,A,RV0351,S1
155,2023-08-02 17:00:00,2023-08-02 19:00:00,P,RV0114,S2
156,2020-05-27 15:00:00,2020-05-27 16:00:00,C,RV0843,S1
157,2020-06-21 08:00:00,2020-06-21 10:00:00,A,RV0805,S2
158,2021-07-31 08:00:00,2021-07-31 09:00:00,A,RV0362,S2
159,2025-10-02 10:00:00,2025-10-02 12:00:00,A,RV0984,S4
160,2020-06-12 18:00:00,2020-06-12 20:00:00,P,RV0372,S5
161,2023-08-04 08:00:00,2023-08-04 10:00:00,P,RV0684,S3
162,2021-12-30 17:00:00,2021-12-30 19:00:00,P,RV0884,S1
163,2022-01-28 20:00:00,2022-01-28 21:00:00,P,RV0838,S1
164,2026-05-02 07:00:00,2026-05-02 09:00:00,A,RV0713,S5
165,2021-08-15 10:00:00,2021-08-15 12:00:00,C,RV0799,S2
166,2024-12-06 10:00:00,2024-12-06 12:00:00,A,RV0289,S4
167,2026-01-10 08:00:00,2026-01-10 09:00:00,A,RV0948,S5
168,2023-02-26 07:00:00,2023-02-26 09:00:00,P,RV0809,S5
169,2024-06-28 07:00:00,2024-06-28 09:00:00,A,RV0994,S4
170,2025-04-05 08:00:00,2025-04-05 10:00:00,P,RV0424,S2
171,2025-12-06 06:00:00,2025-12-06 07:00:00,C,RV0405,S1
172,2023-08-08 13:00:00,2023-08-08 15:00:00,C,RV0570,S5
173,2025-04-16 10:00:00,2025-04-16 12:00:00,A,RV0513,S1
174,2023-03-10 20:00:00,2023-03-10 22:00:00,A,RV0645,S4
175,2021-07-01 14:00:00,2021-07-01 15:00:00,A,RV0989,S1
176,2020-11-30 16:00:00,2020-11-30 18:00:00,A,RV0715,S1
177,2024-01-20 10:00:00,2024-01-20 12:00:00,A,RV0277,S1
178,2023-09-12 09:00:00,2023-09-12 10:00:00,A,RV0502,S2
179,2023-02-12 14:00:00,2023-02-12 15:00:00,P,RV0542,S2
180,2023-08-25 07:00:00,2023-08-25 08:00:00,A,RV0229,S4
181,2025-02-12 18:00:00,2025-02-12 19:00:00,C,RV0541,S5
182,2023-08-02 11:00:00,2023-08-02 12:00:00,C,RV0502,S5
183,2023-12-06 17:00:00,2023-12-06 18:00:00,P,RV0342,S1
184,2024-10-12 17:00:00,2024-10-12 18:00:00,P,RV0695,S4
185,2025-11-14 13:00:00,2025-11-14 14:00:00,C,RV0692,S4
186,2021-06-19 11:00:00,2021-06-19 12:00:00,A,RV0770,S4
187,2023-04-04 11:00:00,2023-04-04 13:00:00,A,RV0613,S2
188,2023-08-08 15:00:00,2023-08-08 16:00:00,A,RV0605,S3
189,2026-04-20 16:00:00,2026-04-20 18:00:00,A,RV0174,S4
190,2025-11-11 12:00:00,2025-11-11 13:00:00,C,RV0688,S1
191,2020-06-23 19:00:00,2020-06-23 20:00:00,A,RV0594,S2
192,2025-03-25 07:00:00,2025-03-25 08:00:00,A,RV0942,S2
193,2025-07-18 09:00:00,2025-07-18 10:00:00,A,RV0884,S1
194,2024-05-12 07:00:00,2024-05-12 09:00:00,A,RV0191,S5
195,2023-06-16 16:00:00,2023-06-16 17:00:00,A,RV0681,S3
196,2026-01-27 10:00:00,2026-01-27 11:00:00,A,RV0233,S2
197,2023-08-31 12:00:00,2023-08-31 13:00:00,A,RV0824,S5
198,2024-02-16 13:00:00,2024-02-16 15:00:00,P,RV0737,S5
199,2023-06-28 10:00:00,2023-06-28 11:00:00,A,RV0064,S3
200,2025-12-23 08:00:00,2025-12-23 10:00:00,P,RV0933,S5
201,2023-02-15 13:00:00,2023-02-15 14:00:00,A,RV0589,S4
202,2025-04-29 09:00:00,2025-04-29 11:00:00,A,RV0958,S4
203,2024-02-06 12:00:00,2024-02-06 14:00:00,P,RV0043,S2
204,2023-02-02 08:00:00,2023-02-02 09:00:00,P,RV0391,S2
205,2023-11-21 16:00:00,2023-11-21 18:00:00,A,RV0029,S3
206,2020-02-23 09:00:00,2020-02-23 11:00:00,A,RV0239,S5
207,2020-10-15 06:00:00,2020-10-15 08:00:00,P,RV0885,S4
208,2024-06-15 20:00:00,2024-06-15 22:00:00,A,RV0744,S3
209,2023-03-12 07:00:00,2023-03-12 09:00:00,P,RV0323,S3
210,2022-05-24 17:00:00,2022-05-24 18:00:00,A,RV0685,S2
211,2024-05-21 18:00:00,2024-05-21 20:00:00,A,RV0395,S5
212,2023-06-20 12:00:00,2023-06-20 13:00:00,P,RV0351,S5
213,2024-09-06 17:00:00,2024-09-06 18:00:00,P,RV1000,S4
214,2024-09-11 07:00:00,2024-09-11 09:00:00,A,RV0487,S1
215,2023-10-03 17:00:00,2023-10-03 19:00:00,A,RV0100,S4
216,2020-11-05 17:00:00,2020-11-05 18:00:00,A,RV0009,S3
217,2023-10-11 19:00:00,2023-10-11 21:00:00,P,RV0845,S2
218,2022-06-06 14:00:00,2022-06-06 16:00:00,A,RV0660,S5
219,2023-09-12 11:00:00,2023-09-12 12:00:00,P,RV0795,S5
220,2020-04-29 15:00:00,2020-04-29 16:00:00,P,RV0171,S1
221,2021-07-19 09:00:00,2021-07-19 11:00:00,A,RV0050,S1
222,2024-11-11 12:00:00,2024-11-11 13:00:00,A,RV0448,S5
223,2025-05-02 10:00:00,2025-05-02 11:00:00,A,RV0282,S2
224,2020-02-18 17:00:00,2020-02-18 18:00:00,A,RV0106,S1
225,2022-12-05 14:00:00,2022-12-05 16:00:00,C,RV0616,S4
226,2024-12-16 19:00:00,2024-12-16 20:00:00,C,RV0956,S5
227,2022-08-10 06:00:00,2022-08-10 08:00:00,A,RV0590,S4
228,2024-04-22 07:00:00,2024-04-22 08:00:00,C,RV0930,S1
229,2020-04-28 16:00:00,2020-04-28 18:00:00,C,RV0799,S3
230,2025-07-10 08:00:00,2025-07-10 10:00:00,A,RV0492,S2
231,2021-01-17 10:00:00,2021-01-17 12:00:00,P,RV0869,S5
232,2022-11-06 08:00:00,2022-11-06 09:00:00,P,RV0927,S2
233,2022-09-18 20:00:00,2022-09-18 21:00:00,A,RV0835,S3
234,2022-08-27 14:00:00,2022-08-27 16:00:00,A,RV0646,S1
235,2020-08-11 06:00:00,2020-08-11 08:00:00,A,RV0606,S2
236,2023-03-12 11:00:00,2023-03-12 12:00:00,A,RV0965,S1
237,2026-01-11 19:00:00,2026-01-11 21:00:00,A,RV0435,S5
238,2025-04-16 14:00:00,2025-04-16 16:00:00,P,RV0806,S5
239,2022-08-15 11:00:00,2022-08-15 13:00:00,A,RV0829,S4
240,2020-07-06 11:00:00,2020-07-06 12:00:00,C,RV0333,S1
241,2026-01-26 19:00:00,2026-01-26 20:00:00,A,RV0796,S2
242,2023-06-28 06:00:00,2023-06-28 08:00:00,A,RV0168,S1
243,2022-11-30 10:00:00,2022-11-30 12:00:00,A,RV0250,S3
244,2021-04-25 12:00:00,2021-04-25 14:00:00,A,RV0525,S1
245,2021-03-31 20:00:00,2021-03-31 21:00:00,A,RV0683,S5
246,2021-08-22 20:00:00,2021-08-22 22:00:00,P,RV0997,S3
247,2024-12-09 16:00:00,2024-12-09 17:00:00,P,RV0758,S4
248,2026-04-21 17:00:00,2026-04-21 19:00:00,P,RV0393,S3
249,2024-06-05 17:00:00,2024-06-05 19:00:00,C,RV0211,S3
250,2021-04-16 10:00:00,2021-04-16 11:00:00,A,RV0716,S4
251,2021-12-21 17:00:00,2021-12-21 18:00:00,A,RV0497,S5
252,2026-04-22 13:00:00,2026-04-22 15:00:00,A,RV0181,S2
253,2025-09-09 07:00:00,2025-09-09 09:00:00,A,RV0893,S3
254,2025-12-21 13:00:00,2025-12-21 14:00:00,P,RV0511,S4
255,2022-11-15 10:00:00,2022-11-15 12:00:00,C,RV0458,S2
256,2022-08-25 14:00:00,2022-08-25 16:00:00,P,RV0484,S4
257,2022-09-24 09:00:00,2022-09-24 11:00:00,A,RV0414,S3
258,2021-04-09 09:00:00,2021-04-09 11:00:00,A,RV0146,S4
259,2020-10-24 14:00:00,2020-10-24 16:00:00,C,RV0292,S1
260,2021-06-30 13:00:00,2021-06-30 15:00:00,P,RV0935,S2
261,2024-02-12 16:00:00,2024-02-12 17:00:00,A,RV0734,S4
262,2026-05-11 08:00:00,2026-05-11 09:00:00,P,RV0842,S3
263,2020-01-26 18:00:00,2020-01-26 20:00:00,P,RV0855,S5
264,2022-12-20 10:00:00,2022-12-20 12:00:00,A,RV0254,S1
265,2020-10-27 08:00:00,2020-10-27 10:00:00,A,RV0575,S3
266,2021-05-09 15:00:00,2021-05-09 16:00:00,P,RV0289,S2
267,2020-04-03 18:00:00,2020-04-03 19:00:00,P,RV0692,S3
268,2025-12-08 06:00:00,2025-12-08 07:00:00,C,RV0391,S3
269,2022-04-09 13:00:00,2022-04-09 14:00:00,P,RV0506,S2
270,2024-09-17 16:00:00,2024-09-17 18:00:00,A,RV0796,S4
271,2021-06-22 11:00:00,2021-06-22 13:00:00,A,RV0141,S1
272,2023-10-01 19:00:00,2023-10-01 20:00:00,A,RV0008,S4
273,2023-09-02 16:00:00,2023-09-02 18:00:00,A,RV0435,S4
274,2024-05-01 19:00:00,2024-05-01 21:00:00,C,RV0061,S5
275,2021-01-26 07:00:00,2021-01-26 08:00:00,P,RV0839,S5
276,2024-01-26 20:00:00,2024-01-26 21:00:00,A,RV0714,S2
277,2024-11-12 07:00:00,2024-11-12 08:00:00,A,RV0108,S5
278,2021-10-04 19:00:00,2021-10-04 21:00:00,P,RV0632,S5
279,2025-04-03 18:00:00,2025-04-03 19:00:00,P,RV0519,S2
280,2025-07-02 10:00:00,2025-07-02 12:00:00,A,RV0817,S1
281,2020-12-27 20:00:00,2020-12-27 21:00:00,A,RV0483,S3
282,2025-02-24 16:00:00,2025-02-24 17:00:00,A,RV0758,S2
283,2021-11-24 06:00:00,2021-11-24 07:00:00,A,RV0673,S1
284,2022-11-10 18:00:00,2022-11-10 20:00:00,P,RV0529,S4
285,2024-03-08 12:00:00,2024-03-08 14:00:00,A,RV0461,S3
286,2020-03-15 07:00:00,2020-03-15 09:00:00,P,RV0968,S3
287,2020-02-25 13:00:00,2020-02-25 15:00:00,C,RV0959,S2
288,2020-08-17 13:00:00,2020-08-17 15:00:00,P,RV0403,S2
289,2025-03-16 17:00:00,2025-03-16 19:00:00,A,RV0239,S4
290,2024-07-08 20:00:00,2024-07-08 22:00:00,P,RV0486,S5
291,2026-03-06 13:00:00,2026-03-06 15:00:00,P,RV0673,S5
292,2026-03-08 09:00:00,2026-03-08 11:00:00,A,RV0836,S1
293,2024-03-03 16:00:00,2024-03-03 18:00:00,A,RV0545,S5
294,2025-02-10 18:00:00,2025-02-10 20:00:00,P,RV0855,S2
295,2023-11-23 15:00:00,2023-11-23 17:00:00,P,RV0471,S5
296,2020-01-23 15:00:00,2020-01-23 16:00:00,A,RV0538,S2
297,2023-10-05 12:00:00,2023-10-05 13:00:00,A,RV0360,S1
298,2026-03-08 11:00:00,2026-03-08 12:00:00,P,RV0954,S4
299,2024-06-04 12:00:00,2024-06-04 13:00:00,C,RV0230,S4
300,2024-01-23 14:00:00,2024-01-23 15:00:00,A,RV0541,S4
301,2020-08-28 19:00:00,2020-08-28 20:00:00,A,RV0282,S1
302,2021-10-12 06:00:00,2021-10-12 08:00:00,A,RV0402,S4
303,2020-11-29 11:00:00,2020-11-29 13:00:00,P,RV0833,S5
304,2024-04-23 10:00:00,2024-04-23 11:00:00,C,RV0142,S1
305,2025-02-19 11:00:00,2025-02-19 12:00:00,C,RV0763,S5
306,2022-06-18 20:00:00,2022-06-18 21:00:00,A,RV0965,S2
307,2021-06-28 19:00:00,2021-06-28 21:00:00,A,RV0977,S3
308,2024-07-17 07:00:00,2024-07-17 08:00:00,A,RV0958,S1
309,2020-11-10 08:00:00,2020-11-10 09:00:00,A,RV0791,S4
310,2022-08-16 13:00:00,2022-08-16 15:00:00,A,RV0075,S4
311,2021-05-30 06:00:00,2021-05-30 08:00:00,A,RV0997,S4
312,2020-06-27 07:00:00,2020-06-27 08:00:00,C,RV0925,S3
313,2022-03-02 18:00:00,2022-03-02 20:00:00,A,RV0372,S5
314,2025-10-22 15:00:00,2025-10-22 17:00:00,P,RV0002,S5
315,2023-05-16 08:00:00,2023-05-16 09:00:00,C,RV0211,S5
316,2026-04-20 08:00:00,2026-04-20 09:00:00,P,RV0609,S5
317,2025-05-31 06:00:00,2025-05-31 07:00:00,A,RV0177,S3
318,2023-03-08 14:00:00,2023-03-08 16:00:00,A,RV0576,S5
319,2021-10-18 18:00:00,2021-10-18 19:00:00,P,RV0315,S2
320,2022-01-13 19:00:00,2022-01-13 20:00:00,A,RV0506,S1
321,2022-10-18 09:00:00,2022-10-18 11:00:00,P,RV0384,S1
322,2022-08-20 16:00:00,2022-08-20 18:00:00,A,RV0786,S1
323,2024-10-08 18:00:00,2024-10-08 19:00:00,A,RV0472,S2
324,2021-04-05 06:00:00,2021-04-05 08:00:00,P,RV0264,S3
325,2025-09-11 08:00:00,2025-09-11 10:00:00,C,RV0480,S1
326,2026-01-20 15:00:00,2026-01-20 16:00:00,A,RV0087,S5
327,2022-10-19 06:00:00,2022-10-19 08:00:00,A,RV0505,S2
328,2020-07-29 13:00:00,2020-07-29 14:00:00,A,RV0153,S1
329,2023-09-05 06:00:00,2023-09-05 08:00:00,C,RV0124,S3
330,2021-02-15 11:00:00,2021-02-15 13:00:00,A,RV0774,S3
331,2023-01-18 15:00:00,2023-01-18 17:00:00,P,RV0353,S4
332,2021-03-09 19:00:00,2021-03-09 21:00:00,P,RV0770,S3
333,2020-12-22 16:00:00,2020-12-22 18:00:00,A,RV0815,S4
334,2020-06-16 08:00:00,2020-06-16 10:00:00,A,RV0900,S4
335,2024-05-04 11:00:00,2024-05-04 13:00:00,A,RV0204,S5
336,2025-01-24 07:00:00,2025-01-24 08:00:00,A,RV0317,S3
337,2022-10-26 09:00:00,2022-10-26 10:00:00,A,RV0438,S5
338,2025-06-23 10:00:00,2025-06-23 12:00:00,A,RV0463,S2
339,2022-02-21 10:00:00,2022-02-21 11:00:00,C,RV0688,S4
340,2022-02-22 08:00:00,2022-02-22 09:00:00,P,RV0243,S4
341,2024-12-26 18:00:00,2024-12-26 19:00:00,A,RV0213,S5
342,2021-06-23 16:00:00,2021-06-23 17:00:00,C,RV0281,S3
343,2024-03-13 20:00:00,2024-03-13 21:00:00,A,RV0107,S2
344,2025-02-19 07:00:00,2025-02-19 08:00:00,P,RV0594,S2
345,2025-06-07 12:00:00,2025-06-07 13:00:00,A,RV0653,S3
346,2020-03-21 13:00:00,2020-03-21 14:00:00,A,RV0167,S2
347,2022-09-23 13:00:00,2022-09-23 14:00:00,A,RV0931,S2
348,2023-06-13 13:00:00,2023-06-13 14:00:00,C,RV0871,S2
349,2020-09-26 17:00:00,2020-09-26 18:00:00,P,RV0180,S2
350,2022-01-17 09:00:00,2022-01-17 11:00:00,P,RV0762,S3
351,2023-12-12 17:00:00,2023-12-12 19:00:00,P,RV0892,S4
352,2022-10-23 10:00:00,2022-10-23 11:00:00,A,RV0748,S4
353,2023-06-27 12:00:00,2023-06-27 13:00:00,A,RV0843,S4
354,2022-11-29 13:00:00,2022-11-29 14:00:00,A,RV0201,S2
355,2024-06-13 12:00:00,2024-06-13 14:00:00,A,RV0246,S4
356,2020-01-14 17:00:00,2020-01-14 19:00:00,A,RV0841,S2
357,2021-01-08 15:00:00,2021-01-08 16:00:00,P,RV0668,S3
358,2020-03-22 17:00:00,2020-03-22 18:00:00,A,RV0149,S1
359,2020-12-19 06:00:00,2020-12-19 08:00:00,C,RV0279,S3
360,2025-10-30 19:00:00,2025-10-30 21:00:00,A,RV0968,S2
361,2025-07-03 13:00:00,2025-07-03 14:00:00,C,RV0476,S5
362,2020-12-21 18:00:00,2020-12-21 19:00:00,A,RV0237,S3
363,2025-04-04 15:00:00,2025-04-04 17:00:00,A,RV0971,S5
364,2025-12-11 09:00:00,2025-12-11 11:00:00,P,RV0805,S3
365,2021-08-11 10:00:00,2021-08-11 11:00:00,A,RV0241,S3
366,2024-07-11 16:00:00,2024-07-11 17:00:00,P,RV0422,S2
367,2020-10-24 18:00:00,2020-10-24 19:00:00,A,RV0050,S2
368,2022-09-22 10:00:00,2022-09-22 11:00:00,A,RV0562,S2
369,2023-06-21 18:00:00,2023-06-21 20:00:00,A,RV0188,S5
370,2021-06-26 14:00:00,2021-06-26 15:00:00,A,RV0056,S3
371,2024-04-12 20:00:00,2024-04-12 21:00:00,A,RV0665,S2
372,2024-09-01 17:00:00,2024-09-01 18:00:00,A,RV0907,S3
373,2026-04-24 10:00:00,2026-04-24 12:00:00,A,RV0130,S2
374,2020-07-03 17:00:00,2020-07-03 18:00:00,P,RV0904,S2
375,2024-10-11 20:00:00,2024-10-11 22:00:00,P,RV0014,S5
376,2026-02-21 08:00:00,2026-02-21 10:00:00,A,RV0649,S1
377,2022-08-25 17:00:00,2022-08-25 18:00:00,A,RV0801,S5
378,2026-01-14 14:00:00,2026-01-14 15:00:00,A,RV0169,S5
379,2022-12-31 15:00:00,2022-12-31 16:00:00,A,RV0181,S5
380,2023-08-10 20:00:00,2023-08-10 21:00:00,A,RV0030,S3
381,2020-08-19 17:00:00,2020-08-19 19:00:00,C,RV0010,S4
382,2020-03-02 09:00:00,2020-03-02 10:00:00,P,RV0050,S2
383,2021-04-11 13:00:00,2021-04-11 15:00:00,P,RV0163,S2
384,2020-02-10 13:00:00,2020-02-10 15:00:00,A,RV0907,S5
385,2020-03-29 09:00:00,2020-03-29 11:00:00,C,RV0569,S4
386,2024-07-25 08:00:00,2024-07-25 10:00:00,A,RV0182,S2
387,2025-12-16 14:00:00,2025-12-16 15:00:00,A,RV0195,S5
388,2024-05-12 13:00:00,2024-05-12 15:00:00,P,RV0721,S5
389,2023-04-24 18:00:00,2023-04-24 19:00:00,A,RV0827,S1
390,2023-05-13 06:00:00,2023-05-13 07:00:00,P,RV0997,S3
391,2024-12-03 19:00:00,2024-12-03 20:00:00,A,RV0162,S5
392,2023-04-26 07:00:00,2023-04-26 08:00:00,P,RV0631,S4
393,2025-09-09 16:00:00,2025-09-09 17:00:00,A,RV0667,S5
394,2023-11-11 13:00:00,2023-11-11 14:00:00,C,RV0617,S5
395,2023-03-16 11:00:00,2023-03-16 12:00:00,A,RV0874,S3
396,2024-06-29 12:00:00,2024-06-29 13:00:00,A,RV0876,S1
397,2022-01-01 07:00:00,2022-01-01 08:00:00,A,RV0873,S4
398,2022-01-20 16:00:00,2022-01-20 17:00:00,A,RV0161,S1
399,2024-04-16 17:00:00,2024-04-16 18:00:00,P,RV0064,S2
400,2024-02-19 20:00:00,2024-02-19 21:00:00,A,RV0115,S4
401,2025-12-16 14:00:00,2025-12-16 15:00:00,P,RV0629,S4
402,2022-06-04 12:00:00,2022-06-04 13:00:00,P,RV0213,S1
403,2024-11-11 16:00:00,2024-11-11 18:00:00,C,RV0540,S3
404,2020-04-30 17:00:00,2020-04-30 18:00:00,P,RV0501,S3
405,2024-02-05 09:00:00,2024-02-05 10:00:00,P,RV0080,S4
406,2022-05-27 06:00:00,2022-05-27 07:00:00,A,RV0207,S1
407,2026-01-02 08:00:00,2026-01-02 10:00:00,A,RV0839,S3
408,2024-01-02 07:00:00,2024-01-02 09:00:00,C,RV0373,S3
409,2026-03-28 08:00:00,2026-03-28 10:00:00,P,RV0439,S1
410,2022-05-18 06:00:00,2022-05-18 07:00:00,A,RV0055,S1
411,2020-03-20 18:00:00,2020-03-20 20:00:00,P,RV0759,S1
412,2025-11-03 19:00:00,2025-11-03 21:00:00,P,RV0770,S3
413,2024-05-14 07:00:00,2024-05-14 09:00:00,A,RV0223,S4
414,2021-12-11 16:00:00,2021-12-11 18:00:00,C,RV0361,S3
415,2024-07-11 07:00:00,2024-07-11 09:00:00,A,RV0146,S5
416,2026-01-14 13:00:00,2026-01-14 15:00:00,P,RV0459,S5
417,2020-09-28 17:00:00,2020-09-28 19:00:00,C,RV0947,S4
418,2025-08-08 11:00:00,2025-08-08 12:00:00,P,RV0074,S1
419,2021-09-27 16:00:00,2021-09-27 17:00:00,A,RV0447,S3
420,2025-09-01 07:00:00,2025-09-01 09:00:00,A,RV0631,S1
421,2023-02-05 10:00:00,2023-02-05 12:00:00,C,RV0680,S5
422,2025-07-22 13:00:00,2025-07-22 14:00:00,A,RV0547,S4
423,2022-07-03 15:00:00,2022-07-03 17:00:00,A,RV0008,S1
424,2023-07-07 20:00:00,2023-07-07 22:00:00,P,RV0836,S2
425,2025-04-19 16:00:00,2025-04-19 17:00:00,A,RV0083,S3
426,2021-05-17 18:00:00,2021-05-17 19:00:00,C,RV0714,S3
427,2025-11-26 17:00:00,2025-11-26 18:00:00,A,RV0063,S1
428,2021-08-31 19:00:00,2021-08-31 21:00:00,A,RV0863,S2
429,2021-05-09 18:00:00,2021-05-09 19:00:00,P,RV0407,S4
430,2021-10-11 07:00:00,2021-10-11 08:00:00,A,RV0425,S4
431,2021-05-26 18:00:00,2021-05-26 20:00:00,A,RV0132,S2
432,2026-01-01 11:00:00,2026-01-01 13:00:00,C,RV0698,S1
433,2025-07-29 07:00:00,2025-07-29 08:00:00,C,RV0986,S3
434,2022-03-21 10:00:00,2022-03-21 12:00:00,C,RV0668,S1
435,2020-06-04 07:00:00,2020-06-04 08:00:00,A,RV0909,S1
436,2025-08-08 10:00:00,2025-08-08 11:00:00,A,RV0043,S5
437,2020-06-11 18:00:00,2020-06-11 20:00:00,P,RV0876,S1
438,2021-12-29 17:00:00,2021-12-29 18:00:00,P,RV0422,S3
439,2023-12-13 14:00:00,2023-12-13 16:00:00,A,RV0536,S4
440,2023-11-18 16:00:00,2023-11-18 18:00:00,P,RV0936,S2
441,2022-03-08 15:00:00,2022-03-08 16:00:00,P,RV0519,S4
442,2020-03-13 14:00:00,2020-03-13 16:00:00,P,RV0739,S3
443,2021-05-17 18:00:00,2021-05-17 19:00:00,C,RV0445,S5
444,2022-05-28 16:00:00,2022-05-28 18:00:00,A,RV0606,S3
445,2023-01-15 11:00:00,2023-01-15 13:00:00,P,RV0043,S2
446,2021-12-27 20:00:00,2021-12-27 22:00:00,A,RV0958,S5
447,2022-04-14 06:00:00,2022-04-14 08:00:00,P,RV0937,S1
448,2021-07-17 15:00:00,2021-07-17 17:00:00,C,RV0707,S2
449,2025-12-26 11:00:00,2025-12-26 12:00:00,A,RV0756,S5
450,2024-09-02 09:00:00,2024-09-02 11:00:00,C,RV0589,S3
451,2020-05-03 10:00:00,2020-05-03 12:00:00,A,RV0807,S2
452,2024-02-11 13:00:00,2024-02-11 15:00:00,P,RV0074,S2
453,2020-10-15 08:00:00,2020-10-15 10:00:00,A,RV0030,S2
454,2023-05-24 18:00:00,2023-05-24 20:00:00,A,RV0802,S4
455,2025-05-18 09:00:00,2025-05-18 11:00:00,A,RV0347,S1
456,2021-05-02 10:00:00,2021-05-02 12:00:00,P,RV0778,S2
457,2022-12-12 16:00:00,2022-12-12 18:00:00,A,RV0782,S2
458,2025-07-09 20:00:00,2025-07-09 22:00:00,C,RV0779,S3
459,2026-02-17 07:00:00,2026-02-17 08:00:00,A,RV0108,S4
460,2022-07-25 08:00:00,2022-07-25 10:00:00,A,RV0003,S3
461,2023-11-08 20:00:00,2023-11-08 22:00:00,A,RV0676,S2
462,2022-01-16 11:00:00,2022-01-16 13:00:00,P,RV0172,S2
463,2024-01-07 13:00:00,2024-01-07 15:00:00,A,RV0266,S2
464,2022-03-31 13:00:00,2022-03-31 14:00:00,P,RV0960,S4
465,2020-11-20 08:00:00,2020-11-20 09:00:00,A,RV0444,S5
466,2023-01-13 12:00:00,2023-01-13 13:00:00,A,RV0700,S3
467,2021-06-24 06:00:00,2021-06-24 08:00:00,P,RV0944,S4
468,2024-03-22 10:00:00,2024-03-22 11:00:00,A,RV0622,S4
469,2026-05-22 09:00:00,2026-05-22 11:00:00,A,RV0898,S4
470,2020-02-03 18:00:00,2020-02-03 20:00:00,C,RV0417,S5
471,2024-04-09 15:00:00,2024-04-09 17:00:00,A,RV0665,S3
472,2024-10-18 10:00:00,2024-10-18 11:00:00,A,RV0235,S3
473,2025-09-29 06:00:00,2025-09-29 07:00:00,A,RV0881,S2
474,2023-03-17 10:00:00,2023-03-17 12:00:00,P,RV0213,S4
475,2021-08-03 17:00:00,2021-08-03 19:00:00,C,RV0813,S1
476,2024-10-29 20:00:00,2024-10-29 22:00:00,A,RV0319,S2
477,2022-07-14 09:00:00,2022-07-14 11:00:00,A,RV0485,S2
478,2020-11-01 15:00:00,2020-11-01 16:00:00,P,RV0604,S5
479,2023-02-04 16:00:00,2023-02-04 17:00:00,P,RV0236,S3
480,2026-03-27 15:00:00,2026-03-27 16:00:00,A,RV0338,S1
481,2025-10-15 07:00:00,2025-10-15 09:00:00,A,RV0647,S5
482,2023-01-09 15:00:00,2023-01-09 16:00:00,A,RV0542,S5
483,2020-02-27 09:00:00,2020-02-27 10:00:00,A,RV0356,S1
484,2020-12-05 17:00:00,2020-12-05 19:00:00,P,RV0292,S1
485,2022-02-16 12:00:00,2022-02-16 13:00:00,A,RV0254,S1
486,2020-07-25 19:00:00,2020-07-25 20:00:00,A,RV0127,S2
487,2026-03-22 10:00:00,2026-03-22 12:00:00,A,RV0151,S2
488,2022-05-26 10:00:00,2022-05-26 12:00:00,A,RV0979,S5
489,2020-08-17 08:00:00,2020-08-17 10:00:00,A,RV0679,S5
490,2026-03-21 15:00:00,2026-03-21 16:00:00,C,RV0287,S3
491,2024-07-05 15:00:00,2024-07-05 17:00:00,C,RV0926,S1
492,2025-07-03 17:00:00,2025-07-03 18:00:00,A,RV0568,S4
493,2021-08-05 10:00:00,2021-08-05 11:00:00,A,RV0727,S4
494,2022-05-15 16:00:00,2022-05-15 17:00:00,A,RV0828,S1
495,2023-07-23 14:00:00,2023-07-23 16:00:00,A,RV0322,S4
496,2023-03-07 16:00:00,2023-03-07 17:00:00,P,RV0739,S5
497,2026-05-01 08:00:00,2026-05-01 10:00:00,A,RV0410,S4
498,2022-12-03 20:00:00,2022-12-03 22:00:00,A,RV0211,S4
499,2025-12-24 13:00:00,2025-12-24 14:00:00,C,RV0310,S1
500,2021-09-23 06:00:00,2021-09-23 08:00:00,A,RV0191,S3
501,2024-11-26 17:00:00,2024-11-26 19:00:00,A,RV0913,S4
502,2024-12-31 07:00:00,2024-12-31 09:00:00,A,RV0001,S3
503,2025-02-26 12:00:00,2025-02-26 13:00:00,A,RV0065,S1
504,2024-07-18 15:00:00,2024-07-18 17:00:00,A,RV0145,S5
505,2024-12-21 18:00:00,2024-12-21 20:00:00,P,RV0618,S4
506,2023-02-11 06:00:00,2023-02-11 07:00:00,P,RV0727,S2
507,2024-11-18 17:00:00,2024-11-18 18:00:00,A,RV0884,S2
508,2020-09-26 08:00:00,2020-09-26 09:00:00,A,RV0607,S5
509,2020-03-02 07:00:00,2020-03-02 09:00:00,A,RV0647,S1
510,2025-07-07 09:00:00,2025-07-07 11:00:00,A,RV0864,S1
511,2024-11-04 17:00:00,2024-11-04 18:00:00,P,RV0416,S5
512,2021-09-11 06:00:00,2021-09-11 08:00:00,C,RV0409,S2
513,2024-11-30 12:00:00,2024-11-30 13:00:00,P,RV0921,S1
514,2024-05-03 11:00:00,2024-05-03 13:00:00,C,RV0053,S3
515,2023-10-23 11:00:00,2023-10-23 12:00:00,A,RV0512,S4
516,2023-12-09 10:00:00,2023-12-09 12:00:00,A,RV0028,S3
517,2025-03-06 09:00:00,2025-03-06 11:00:00,A,RV0524,S2
518,2024-10-05 14:00:00,2024-10-05 16:00:00,C,RV0209,S4
519,2024-06-14 06:00:00,2024-06-14 07:00:00,A,RV0864,S2
520,2021-01-15 13:00:00,2021-01-15 14:00:00,A,RV0727,S4
521,2020-05-31 08:00:00,2020-05-31 10:00:00,A,RV0620,S4
522,2021-03-30 14:00:00,2021-03-30 15:00:00,P,RV0978,S5
523,2024-10-01 17:00:00,2024-10-01 18:00:00,A,RV0093,S1
524,2023-04-03 10:00:00,2023-04-03 12:00:00,A,RV0708,S4
525,2022-01-25 11:00:00,2022-01-25 12:00:00,A,RV0618,S2
526,2020-09-01 18:00:00,2020-09-01 20:00:00,A,RV0374,S2
527,2022-06-10 15:00:00,2022-06-10 17:00:00,A,RV0952,S5
528,2025-09-21 17:00:00,2025-09-21 18:00:00,A,RV0537,S2
529,2022-11-04 15:00:00,2022-11-04 17:00:00,C,RV0581,S1
530,2024-02-26 09:00:00,2024-02-26 10:00:00,P,RV0251,S5
531,2020-08-17 08:00:00,2020-08-17 10:00:00,A,RV0578,S2
532,2023-11-22 18:00:00,2023-11-22 19:00:00,A,RV0349,S1
533,2026-04-17 08:00:00,2026-04-17 10:00:00,P,RV0344,S3
534,2023-09-05 11:00:00,2023-09-05 12:00:00,A,RV0052,S4
535,2023-04-03 14:00:00,2023-04-03 15:00:00,A,RV0132,S1
536,2021-05-19 12:00:00,2021-05-19 14:00:00,A,RV0770,S5
537,2024-02-23 18:00:00,2024-02-23 19:00:00,A,RV0083,S5
538,2024-03-02 14:00:00,2024-03-02 15:00:00,A,RV0359,S2
539,2025-06-25 10:00:00,2025-06-25 11:00:00,A,RV0286,S4
540,2021-02-06 06:00:00,2021-02-06 08:00:00,P,RV0193,S1
541,2021-04-20 11:00:00,2021-04-20 12:00:00,A,RV0648,S2
542,2023-09-09 09:00:00,2023-09-09 10:00:00,A,RV0614,S2
543,2022-02-26 09:00:00,2022-02-26 11:00:00,P,RV0611,S2
544,2020-07-09 19:00:00,2020-07-09 20:00:00,A,RV0524,S5
545,2025-07-02 15:00:00,2025-07-02 16:00:00,C,RV0819,S3
546,2023-11-06 08:00:00,2023-11-06 09:00:00,C,RV0588,S2
547,2022-11-12 10:00:00,2022-11-12 11:00:00,C,RV0789,S1
548,2023-09-19 10:00:00,2023-09-19 11:00:00,A,RV0061,S3
549,2024-03-17 15:00:00,2024-03-17 17:00:00,P,RV0843,S3
550,2022-03-27 07:00:00,2022-03-27 09:00:00,A,RV0927,S3
551,2021-12-05 09:00:00,2021-12-05 11:00:00,C,RV0440,S1
552,2025-12-07 16:00:00,2025-12-07 17:00:00,A,RV0813,S2
553,2022-04-15 17:00:00,2022-04-15 19:00:00,A,RV0797,S1
554,2020-06-27 06:00:00,2020-06-27 07:00:00,A,RV0557,S1
555,2025-08-28 16:00:00,2025-08-28 17:00:00,A,RV0699,S1
556,2024-05-11 18:00:00,2024-05-11 19:00:00,A,RV0127,S5
557,2022-11-19 12:00:00,2022-11-19 13:00:00,C,RV0572,S1
558,2022-02-22 18:00:00,2022-02-22 19:00:00,P,RV0364,S1
559,2020-03-12 13:00:00,2020-03-12 15:00:00,A,RV0553,S2
560,2021-06-30 13:00:00,2021-06-30 14:00:00,A,RV0469,S1
561,2022-02-15 07:00:00,2022-02-15 08:00:00,P,RV0520,S3
562,2025-07-23 10:00:00,2025-07-23 12:00:00,A,RV0781,S1
563,2025-06-12 12:00:00,2025-06-12 14:00:00,P,RV0357,S4
564,2024-10-04 19:00:00,2024-10-04 21:00:00,A,RV0821,S4
565,2025-04-02 20:00:00,2025-04-02 21:00:00,C,RV0186,S4
566,2024-12-05 14:00:00,2024-12-05 16:00:00,P,RV0811,S2
567,2020-12-31 17:00:00,2020-12-31 18:00:00,C,RV0515,S1
568,2023-01-21 20:00:00,2023-01-21 22:00:00,A,RV0460,S3
569,2020-03-26 20:00:00,2020-03-26 22:00:00,P,RV0958,S5
570,2020-12-31 09:00:00,2020-12-31 11:00:00,A,RV0255,S5
571,2021-10-28 14:00:00,2021-10-28 15:00:00,C,RV0587,S1
572,2021-05-29 11:00:00,2021-05-29 12:00:00,A,RV0005,S5
573,2022-11-20 18:00:00,2022-11-20 20:00:00,A,RV0415,S2
574,2021-05-15 18:00:00,2021-05-15 19:00:00,C,RV0600,S2
575,2026-04-24 13:00:00,2026-04-24 15:00:00,C,RV0930,S2
576,2024-12-27 14:00:00,2024-12-27 16:00:00,A,RV0356,S2
577,2021-11-20 14:00:00,2021-11-20 16:00:00,A,RV0807,S4
578,2023-06-10 18:00:00,2023-06-10 19:00:00,A,RV0196,S2
579,2023-11-29 08:00:00,2023-11-29 10:00:00,C,RV0150,S1
580,2023-08-20 08:00:00,2023-08-20 10:00:00,A,RV0182,S1
581,2020-08-11 17:00:00,2020-08-11 18:00:00,C,RV0537,S5
582,2024-11-21 07:00:00,2024-11-21 09:00:00,A,RV0017,S3
583,2021-03-11 18:00:00,2021-03-11 19:00:00,C,RV0917,S1
584,2023-05-30 07:00:00,2023-05-30 08:00:00,A,RV0184,S2
585,2020-04-22 18:00:00,2020-04-22 19:00:00,A,RV0223,S1
586,2020-07-28 19:00:00,2020-07-28 20:00:00,C,RV0821,S1
587,2025-03-06 14:00:00,2025-03-06 15:00:00,A,RV0525,S4
588,2022-04-23 09:00:00,2022-04-23 11:00:00,A,RV0417,S1
589,2025-08-21 18:00:00,2025-08-21 19:00:00,C,RV0536,S4
590,2025-05-01 08:00:00,2025-05-01 09:00:00,A,RV0066,S1
591,2022-12-12 06:00:00,2022-12-12 08:00:00,A,RV0321,S1
592,2021-03-07 06:00:00,2021-03-07 08:00:00,A,RV0909,S4
593,2025-11-02 16:00:00,2025-11-02 18:00:00,P,RV0208,S1
594,2025-07-20 09:00:00,2025-07-20 10:00:00,A,RV0952,S3
595,2023-08-19 12:00:00,2023-08-19 14:00:00,A,RV0514,S4
596,2021-06-27 09:00:00,2021-06-27 11:00:00,C,RV0480,S4
597,2024-03-30 07:00:00,2024-03-30 09:00:00,A,RV0984,S2
598,2020-05-18 07:00:00,2020-05-18 09:00:00,A,RV0733,S3
599,2022-10-24 19:00:00,2022-10-24 20:00:00,A,RV0196,S1
600,2024-08-09 17:00:00,2024-08-09 19:00:00,A,RV0370,S2
601,2024-01-16 08:00:00,2024-01-16 09:00:00,A,RV0999,S2
602,2021-12-29 19:00:00,2021-12-29 20:00:00,P,RV0051,S2
603,2020-02-17 07:00:00,2020-02-17 08:00:00,P,RV0014,S4
604,2021-08-29 14:00:00,2021-08-29 15:00:00,P,RV0227,S2
605,2021-01-02 18:00:00,2021-01-02 20:00:00,A,RV0770,S2
606,2023-11-07 16:00:00,2023-11-07 17:00:00,A,RV0460,S1
607,2022-04-13 14:00:00,2022-04-13 15:00:00,C,RV0953,S3
608,2021-08-11 14:00:00,2021-08-11 16:00:00,C,RV0054,S4
609,2023-01-10 12:00:00,2023-01-10 13:00:00,A,RV0216,S2
610,2020-01-12 17:00:00,2020-01-12 18:00:00,A,RV0945,S5
611,2023-08-19 14:00:00,2023-08-19 16:00:00,A,RV0491,S1
612,2026-03-02 17:00:00,2026-03-02 19:00:00,C,RV0095,S4
613,2024-12-10 15:00:00,2024-12-10 16:00:00,A,RV0618,S4
614,2024-04-02 17:00:00,2024-04-02 18:00:00,A,RV0988,S4
615,2022-09-09 12:00:00,2022-09-09 13:00:00,A,RV0999,S4
616,2020-12-08 14:00:00,2020-12-08 15:00:00,A,RV0110,S5
617,2021-04-17 10:00:00,2021-04-17 11:00:00,P,RV0806,S3
618,2023-08-12 16:00:00,2023-08-12 17:00:00,A,RV0041,S5
619,2026-03-12 09:00:00,2026-03-12 10:00:00,A,RV0465,S2
620,2020-12-05 16:00:00,2020-12-05 17:00:00,A,RV0663,S3
621,2025-08-23 11:00:00,2025-08-23 12:00:00,C,RV0162,S3
622,2021-06-09 10:00:00,2021-06-09 11:00:00,P,RV0743,S2
623,2021-01-15 09:00:00,2021-01-15 11:00:00,C,RV0876,S5
624,2021-02-28 13:00:00,2021-02-28 14:00:00,A,RV0894,S4
625,2024-07-21 11:00:00,2024-07-21 12:00:00,A,RV0580,S3
626,2022-09-11 10:00:00,2022-09-11 12:00:00,C,RV0267,S3
627,2025-09-02 14:00:00,2025-09-02 16:00:00,C,RV0768,S4
628,2024-03-20 10:00:00,2024-03-20 12:00:00,A,RV0128,S5
629,2025-06-18 13:00:00,2025-06-18 15:00:00,A,RV0754,S2
630,2023-12-14 11:00:00,2023-12-14 13:00:00,A,RV0634,S2
631,2020-07-26 18:00:00,2020-07-26 19:00:00,A,RV0439,S5
632,2024-08-06 10:00:00,2024-08-06 12:00:00,C,RV0587,S3
633,2024-04-13 06:00:00,2024-04-13 08:00:00,P,RV0222,S4
634,2022-12-14 06:00:00,2022-12-14 07:00:00,A,RV0700,S4
635,2022-08-28 16:00:00,2022-08-28 18:00:00,C,RV0537,S3
636,2026-02-04 14:00:00,2026-02-04 15:00:00,P,RV0004,S2
637,2021-03-17 10:00:00,2021-03-17 11:00:00,P,RV0482,S2
638,2021-09-25 12:00:00,2021-09-25 13:00:00,C,RV0928,S1
639,2022-09-20 20:00:00,2022-09-20 22:00:00,P,RV0623,S2
640,2022-06-12 16:00:00,2022-06-12 17:00:00,A,RV0983,S4
641,2023-04-13 20:00:00,2023-04-13 22:00:00,A,RV0836,S5
642,2020-12-11 18:00:00,2020-12-11 19:00:00,A,RV0416,S4
643,2022-11-01 15:00:00,2022-11-01 16:00:00,A,RV0809,S5
644,2026-04-22 14:00:00,2026-04-22 16:00:00,P,RV0181,S3
645,2023-03-08 18:00:00,2023-03-08 19:00:00,A,RV0305,S4
646,2024-08-08 10:00:00,2024-08-08 12:00:00,A,RV0524,S4
647,2020-04-12 09:00:00,2020-04-12 11:00:00,A,RV0666,S5
648,2025-04-17 13:00:00,2025-04-17 15:00:00,A,RV0733,S3
649,2024-12-16 14:00:00,2024-12-16 15:00:00,C,RV0110,S3
650,2026-02-14 08:00:00,2026-02-14 10:00:00,P,RV0117,S2
651,2023-12-27 12:00:00,2023-12-27 14:00:00,A,RV0308,S5
652,2025-10-02 13:00:00,2025-10-02 14:00:00,A,RV0263,S4
653,2024-08-09 06:00:00,2024-08-09 07:00:00,A,RV0196,S1
654,2025-06-08 09:00:00,2025-06-08 11:00:00,C,RV0879,S4
655,2020-08-13 20:00:00,2020-08-13 22:00:00,A,RV0562,S2
656,2022-07-01 07:00:00,2022-07-01 08:00:00,A,RV0629,S3
657,2020-12-12 12:00:00,2020-12-12 13:00:00,C,RV0575,S4
658,2025-11-10 11:00:00,2025-11-10 12:00:00,C,RV0618,S5
659,2022-10-13 18:00:00,2022-10-13 20:00:00,P,RV0964,S4
660,2022-04-09 08:00:00,2022-04-09 09:00:00,A,RV0285,S1
661,2022-04-07 08:00:00,2022-04-07 09:00:00,A,RV0020,S5
662,2020-07-18 18:00:00,2020-07-18 19:00:00,C,RV0063,S3
663,2023-05-10 13:00:00,2023-05-10 15:00:00,A,RV0645,S5
664,2020-04-01 16:00:00,2020-04-01 18:00:00,A,RV0867,S5
665,2023-06-09 07:00:00,2023-06-09 09:00:00,C,RV0165,S3
666,2025-09-25 10:00:00,2025-09-25 12:00:00,C,RV0108,S4
667,2025-01-06 19:00:00,2025-01-06 20:00:00,A,RV0770,S2
668,2026-04-14 12:00:00,2026-04-14 14:00:00,A,RV0868,S4
669,2024-10-04 14:00:00,2024-10-04 15:00:00,C,RV0984,S4
670,2020-08-27 14:00:00,2020-08-27 16:00:00,C,RV0071,S1
671,2020-11-10 13:00:00,2020-11-10 14:00:00,C,RV0552,S4
672,2022-03-30 11:00:00,2022-03-30 13:00:00,A,RV0153,S4
673,2026-01-30 16:00:00,2026-01-30 17:00:00,A,RV0357,S4
674,2024-04-20 16:00:00,2024-04-20 17:00:00,A,RV0408,S1
675,2022-03-29 16:00:00,2022-03-29 18:00:00,A,RV0194,S5
676,2020-08-17 08:00:00,2020-08-17 09:00:00,C,RV0645,S2
677,2022-05-03 20:00:00,2022-05-03 21:00:00,A,RV0977,S2
678,2023-11-18 12:00:00,2023-11-18 14:00:00,P,RV0414,S1
679,2020-09-30 07:00:00,2020-09-30 09:00:00,A,RV0609,S4
680,2023-02-01 14:00:00,2023-02-01 15:00:00,A,RV0254,S2
681,2020-06-22 20:00:00,2020-06-22 22:00:00,P,RV0572,S2
682,2024-01-08 20:00:00,2024-01-08 22:00:00,A,RV0950,S4
683,2022-12-24 11:00:00,2022-12-24 12:00:00,P,RV0028,S5
684,2022-07-11 13:00:00,2022-07-11 14:00:00,P,RV0420,S5
685,2024-10-11 15:00:00,2024-10-11 16:00:00,A,RV0320,S3
686,2021-11-07 15:00:00,2021-11-07 16:00:00,A,RV0350,S3
687,2021-08-10 17:00:00,2021-08-10 19:00:00,P,RV0982,S4
688,2023-07-24 06:00:00,2023-07-24 08:00:00,A,RV0493,S3
689,2023-12-15 14:00:00,2023-12-15 16:00:00,P,RV0104,S2
690,2024-05-19 13:00:00,2024-05-19 15:00:00,A,RV0465,S2
691,2025-10-28 15:00:00,2025-10-28 17:00:00,C,RV0712,S5
692,2025-12-25 17:00:00,2025-12-25 19:00:00,A,RV0359,S4
693,2023-09-06 07:00:00,2023-09-06 08:00:00,C,RV0725,S5
694,2021-09-15 17:00:00,2021-09-15 19:00:00,C,RV0885,S2
695,2021-08-05 10:00:00,2021-08-05 11:00:00,P,RV0723,S5
696,2023-01-07 12:00:00,2023-01-07 13:00:00,P,RV0135,S5
697,2023-11-01 18:00:00,2023-11-01 19:00:00,P,RV0429,S4
698,2025-05-14 16:00:00,2025-05-14 18:00:00,C,RV0236,S4
699,2022-10-02 19:00:00,2022-10-02 20:00:00,C,RV0935,S4
700,2021-03-02 06:00:00,2021-03-02 07:00:00,P,RV0157,S5
701,2024-04-07 15:00:00,2024-04-07 17:00:00,P,RV0208,S3
702,2026-02-18 13:00:00,2026-02-18 15:00:00,A,RV0995,S5
703,2020-06-18 18:00:00,2020-06-18 19:00:00,A,RV0293,S3
704,2021-04-23 17:00:00,2021-04-23 19:00:00,A,RV0785,S4
705,2024-07-22 17:00:00,2024-07-22 19:00:00,C,RV0647,S4
706,2022-12-21 10:00:00,2022-12-21 12:00:00,A,RV0774,S2
707,2020-05-05 09:00:00,2020-05-05 11:00:00,C,RV0665,S3
708,2020-08-06 16:00:00,2020-08-06 17:00:00,A,RV0992,S5
709,2021-11-08 15:00:00,2021-11-08 17:00:00,C,RV0400,S3
710,2025-09-13 10:00:00,2025-09-13 11:00:00,A,RV0618,S1
711,2022-08-12 12:00:00,2022-08-12 13:00:00,P,RV0569,S4
712,2023-07-01 18:00:00,2023-07-01 20:00:00,A,RV0703,S4
713,2022-12-09 19:00:00,2022-12-09 20:00:00,C,RV0071,S4
714,2026-03-16 10:00:00,2026-03-16 11:00:00,A,RV0485,S4
715,2025-10-25 06:00:00,2025-10-25 07:00:00,A,RV0880,S1
716,2020-09-03 07:00:00,2020-09-03 08:00:00,A,RV0868,S4
717,2021-05-26 14:00:00,2021-05-26 16:00:00,A,RV0884,S4
718,2020-04-14 18:00:00,2020-04-14 20:00:00,A,RV0816,S2
719,2023-04-23 19:00:00,2023-04-23 20:00:00,C,RV0533,S2
720,2025-04-12 20:00:00,2025-04-12 21:00:00,A,RV0684,S2
721,2021-11-16 17:00:00,2021-11-16 18:00:00,P,RV0476,S2
722,2020-06-04 07:00:00,2020-06-04 08:00:00,A,RV0728,S4
723,2023-11-30 11:00:00,2023-11-30 13:00:00,A,RV0986,S4
724,2023-06-12 07:00:00,2023-06-12 08:00:00,A,RV0196,S3
725,2020-02-17 06:00:00,2020-02-17 07:00:00,P,RV0766,S2
726,2020-07-24 15:00:00,2020-07-24 17:00:00,P,RV0769,S5
727,2021-03-03 13:00:00,2021-03-03 14:00:00,C,RV0742,S3
728,2024-12-21 12:00:00,2024-12-21 14:00:00,A,RV0678,S5
729,2024-01-27 15:00:00,2024-01-27 16:00:00,A,RV0851,S4
730,2020-11-11 07:00:00,2020-11-11 08:00:00,C,RV0518,S4
731,2024-07-02 08:00:00,2024-07-02 09:00:00,A,RV0619,S4
732,2025-09-17 09:00:00,2025-09-17 11:00:00,C,RV0292,S1
733,2025-04-10 20:00:00,2025-04-10 22:00:00,A,RV0009,S1
734,2025-09-14 11:00:00,2025-09-14 13:00:00,A,RV0014,S5
735,2021-02-22 10:00:00,2021-02-22 11:00:00,A,RV0964,S4
736,2021-11-28 16:00:00,2021-11-28 17:00:00,C,RV0452,S3
737,2024-03-12 14:00:00,2024-03-12 16:00:00,P,RV0117,S2
738,2021-09-20 13:00:00,2021-09-20 14:00:00,A,RV0396,S4
739,2020-11-21 20:00:00,2020-11-21 22:00:00,A,RV0873,S1
740,2021-03-20 20:00:00,2021-03-20 21:00:00,P,RV0952,S4
741,2022-07-24 16:00:00,2022-07-24 17:00:00,A,RV0827,S4
742,2022-03-28 13:00:00,2022-03-28 15:00:00,P,RV0135,S5
743,2026-05-08 13:00:00,2026-05-08 15:00:00,P,RV0021,S1
744,2023-09-19 14:00:00,2023-09-19 16:00:00,A,RV0473,S5
745,2023-06-09 11:00:00,2023-06-09 13:00:00,C,RV0997,S3
746,2021-08-14 15:00:00,2021-08-14 16:00:00,A,RV0196,S4
747,2020-08-18 16:00:00,2020-08-18 18:00:00,A,RV0147,S1
748,2022-05-19 14:00:00,2022-05-19 16:00:00,P,RV0820,S1
749,2024-09-19 17:00:00,2024-09-19 19:00:00,A,RV0476,S1
750,2026-03-03 10:00:00,2026-03-03 11:00:00,P,RV0203,S3
751,2026-02-23 07:00:00,2026-02-23 09:00:00,C,RV0153,S1
752,2024-11-04 07:00:00,2024-11-04 08:00:00,A,RV0680,S5
753,2020-12-26 13:00:00,2020-12-26 14:00:00,A,RV0754,S3
754,2022-02-19 18:00:00,2022-02-19 20:00:00,A,RV0356,S4
755,2023-07-22 09:00:00,2023-07-22 10:00:00,P,RV0813,S5
756,2024-07-06 13:00:00,2024-07-06 15:00:00,A,RV0565,S3
757,2024-07-10 12:00:00,2024-07-10 13:00:00,C,RV0727,S4
758,2023-10-31 11:00:00,2023-10-31 13:00:00,C,RV0060,S2
759,2020-04-09 15:00:00,2020-04-09 17:00:00,A,RV0864,S4
760,2020-10-29 06:00:00,2020-10-29 07:00:00,A,RV0499,S1
761,2020-09-23 09:00:00,2020-09-23 11:00:00,P,RV0942,S5
762,2023-10-19 12:00:00,2023-10-19 13:00:00,A,RV0541,S3
763,2020-02-06 14:00:00,2020-02-06 15:00:00,A,RV0121,S4
764,2020-06-14 07:00:00,2020-06-14 08:00:00,A,RV0699,S2
765,2025-10-24 16:00:00,2025-10-24 17:00:00,P,RV0324,S3
766,2020-03-09 16:00:00,2020-03-09 18:00:00,A,RV0874,S1
767,2021-07-23 15:00:00,2021-07-23 16:00:00,P,RV0111,S2
768,2025-12-06 13:00:00,2025-12-06 15:00:00,A,RV0469,S3
769,2025-06-16 20:00:00,2025-06-16 21:00:00,P,RV0297,S3
770,2025-07-19 20:00:00,2025-07-19 22:00:00,A,RV0520,S4
771,2024-09-13 13:00:00,2024-09-13 15:00:00,P,RV0390,S3
772,2025-11-23 13:00:00,2025-11-23 15:00:00,A,RV0335,S5
773,2021-04-19 10:00:00,2021-04-19 11:00:00,A,RV0963,S4
774,2022-01-03 11:00:00,2022-01-03 13:00:00,A,RV0966,S1
775,2023-11-23 16:00:00,2023-11-23 17:00:00,A,RV0195,S5
776,2021-06-02 16:00:00,2021-06-02 17:00:00,P,RV0956,S3
777,2023-10-05 06:00:00,2023-10-05 08:00:00,C,RV0767,S3
778,2020-07-27 19:00:00,2020-07-27 21:00:00,C,RV0823,S2
779,2026-04-04 17:00:00,2026-04-04 18:00:00,A,RV0564,S2
780,2021-08-09 12:00:00,2021-08-09 14:00:00,A,RV0783,S2
781,2020-01-16 13:00:00,2020-01-16 15:00:00,P,RV0483,S3
782,2022-06-24 06:00:00,2022-06-24 07:00:00,A,RV0960,S1
783,2020-09-03 06:00:00,2020-09-03 07:00:00,C,RV0821,S5
784,2023-03-29 13:00:00,2023-03-29 15:00:00,A,RV0469,S4
785,2020-05-02 14:00:00,2020-05-02 15:00:00,A,RV0370,S3
786,2021-09-24 17:00:00,2021-09-24 19:00:00,A,RV0454,S2
787,2026-02-25 13:00:00,2026-02-25 14:00:00,A,RV0482,S2
788,2021-06-02 13:00:00,2021-06-02 15:00:00,C,RV0462,S3
789,2020-05-23 15:00:00,2020-05-23 17:00:00,A,RV0966,S1
790,2025-12-27 12:00:00,2025-12-27 14:00:00,A,RV0293,S5
791,2024-07-18 12:00:00,2024-07-18 14:00:00,A,RV0219,S5
792,2024-08-03 15:00:00,2024-08-03 16:00:00,A,RV0035,S4
793,2022-02-03 12:00:00,2022-02-03 14:00:00,A,RV0640,S1
794,2024-07-06 07:00:00,2024-07-06 09:00:00,C,RV0382,S4
795,2020-10-09 17:00:00,2020-10-09 18:00:00,C,RV0702,S3
796,2020-12-22 07:00:00,2020-12-22 08:00:00,C,RV0711,S2
797,2026-03-04 17:00:00,2026-03-04 18:00:00,P,RV0680,S5
798,2022-12-04 14:00:00,2022-12-04 15:00:00,A,RV0865,S1
799,2022-10-31 10:00:00,2022-10-31 11:00:00,P,RV0887,S1
800,2023-09-15 11:00:00,2023-09-15 13:00:00,A,RV0578,S2
801,2021-12-09 09:00:00,2021-12-09 11:00:00,A,RV0669,S4
802,2025-01-05 17:00:00,2025-01-05 18:00:00,P,RV0378,S5
803,2024-01-18 12:00:00,2024-01-18 14:00:00,A,RV0887,S5
804,2025-12-03 07:00:00,2025-12-03 08:00:00,A,RV0754,S2
805,2020-08-13 20:00:00,2020-08-13 21:00:00,A,RV0244,S4
806,2021-03-25 20:00:00,2021-03-25 22:00:00,P,RV0282,S1
807,2021-10-26 13:00:00,2021-10-26 14:00:00,A,RV0638,S3
808,2022-09-05 18:00:00,2022-09-05 19:00:00,A,RV0776,S2
809,2025-10-19 09:00:00,2025-10-19 11:00:00,A,RV0045,S3
810,2021-06-28 15:00:00,2021-06-28 16:00:00,A,RV0034,S5
811,2024-10-22 06:00:00,2024-10-22 07:00:00,P,RV0707,S2
812,2024-10-13 18:00:00,2024-10-13 19:00:00,A,RV0417,S3
813,2021-08-26 18:00:00,2021-08-26 19:00:00,A,RV0108,S2
814,2022-03-18 07:00:00,2022-03-18 08:00:00,A,RV0237,S4
815,2024-02-02 12:00:00,2024-02-02 13:00:00,A,RV0870,S2
816,2025-12-03 20:00:00,2025-12-03 22:00:00,A,RV0892,S4
817,2025-04-02 07:00:00,2025-04-02 09:00:00,A,RV0774,S5
818,2025-12-16 09:00:00,2025-12-16 10:00:00,A,RV0153,S1
819,2024-09-27 08:00:00,2024-09-27 09:00:00,A,RV0745,S1
820,2021-06-30 09:00:00,2021-06-30 11:00:00,A,RV0953,S4
821,2021-10-03 12:00:00,2021-10-03 13:00:00,A,RV0843,S1
822,2022-11-19 20:00:00,2022-11-19 21:00:00,A,RV0611,S3
823,2021-03-17 11:00:00,2021-03-17 12:00:00,A,RV0479,S3
824,2022-07-23 13:00:00,2022-07-23 14:00:00,A,RV0762,S4
825,2020-03-28 10:00:00,2020-03-28 11:00:00,A,RV0963,S2
826,2023-01-17 15:00:00,2023-01-17 17:00:00,P,RV0293,S5
827,2021-09-18 13:00:00,2021-09-18 14:00:00,A,RV0215,S3
828,2021-08-19 16:00:00,2021-08-19 17:00:00,A,RV0535,S3
829,2021-02-10 19:00:00,2021-02-10 21:00:00,A,RV0850,S2
830,2024-10-20 07:00:00,2024-10-20 09:00:00,A,RV0622,S4
831,2024-04-09 08:00:00,2024-04-09 09:00:00,A,RV0693,S2
832,2022-02-04 11:00:00,2022-02-04 13:00:00,P,RV0622,S2
833,2024-04-27 06:00:00,2024-04-27 07:00:00,A,RV0296,S1
834,2025-11-22 17:00:00,2025-11-22 19:00:00,A,RV0319,S4
835,2021-09-19 15:00:00,2021-09-19 16:00:00,A,RV0931,S4
836,2021-04-09 12:00:00,2021-04-09 13:00:00,A,RV0647,S2
837,2022-04-04 13:00:00,2022-04-04 15:00:00,A,RV0965,S2
838,2025-02-13 06:00:00,2025-02-13 07:00:00,P,RV0437,S4
839,2026-01-11 13:00:00,2026-01-11 15:00:00,A,RV0634,S3
840,2021-02-15 07:00:00,2021-02-15 08:00:00,C,RV0192,S1
841,2020-09-01 11:00:00,2020-09-01 13:00:00,A,RV0607,S1
842,2025-08-03 17:00:00,2025-08-03 19:00:00,C,RV0190,S1
843,2022-08-26 08:00:00,2022-08-26 09:00:00,A,RV0355,S2
844,2023-03-13 06:00:00,2023-03-13 07:00:00,C,RV0139,S4
845,2024-01-16 13:00:00,2024-01-16 15:00:00,C,RV0464,S1
846,2023-09-02 20:00:00,2023-09-02 22:00:00,A,RV0778,S2
847,2020-04-18 16:00:00,2020-04-18 17:00:00,A,RV0878,S5
848,2025-08-22 18:00:00,2025-08-22 19:00:00,A,RV0733,S5
849,2025-03-30 18:00:00,2025-03-30 19:00:00,C,RV0835,S3
850,2022-07-28 08:00:00,2022-07-28 09:00:00,C,RV0502,S3
851,2025-09-10 14:00:00,2025-09-10 16:00:00,A,RV0417,S4
852,2021-09-24 07:00:00,2021-09-24 08:00:00,P,RV0050,S4
853,2021-05-07 10:00:00,2021-05-07 12:00:00,C,RV0868,S5
854,2026-02-15 11:00:00,2026-02-15 12:00:00,C,RV0667,S2
855,2024-10-02 13:00:00,2024-10-02 15:00:00,A,RV0439,S3
856,2023-04-20 17:00:00,2023-04-20 19:00:00,A,RV0073,S4
857,2025-05-23 06:00:00,2025-05-23 08:00:00,A,RV0946,S1
858,2024-12-13 18:00:00,2024-12-13 20:00:00,A,RV0189,S4
859,2024-08-23 15:00:00,2024-08-23 17:00:00,P,RV0828,S4
860,2022-03-06 11:00:00,2022-03-06 13:00:00,A,RV0903,S1
861,2024-10-07 18:00:00,2024-10-07 19:00:00,P,RV0039,S3
862,2022-01-22 18:00:00,2022-01-22 20:00:00,A,RV0649,S1
863,2022-09-03 06:00:00,2022-09-03 08:00:00,C,RV0026,S2
864,2023-02-16 10:00:00,2023-02-16 11:00:00,A,RV0573,S4
865,2022-08-25 07:00:00,2022-08-25 09:00:00,A,RV0020,S2
866,2023-04-23 06:00:00,2023-04-23 08:00:00,P,RV0698,S2
867,2025-10-02 18:00:00,2025-10-02 20:00:00,C,RV0594,S2
868,2024-09-26 07:00:00,2024-09-26 08:00:00,A,RV0938,S4
869,2022-07-14 17:00:00,2022-07-14 19:00:00,A,RV0234,S3
870,2023-01-20 11:00:00,2023-01-20 13:00:00,A,RV0145,S5
871,2024-10-09 20:00:00,2024-10-09 21:00:00,A,RV0331,S3
872,2024-07-27 17:00:00,2024-07-27 19:00:00,C,RV0085,S2
873,2025-09-19 08:00:00,2025-09-19 09:00:00,P,RV0454,S1
874,2025-08-29 10:00:00,2025-08-29 12:00:00,P,RV0009,S4
875,2026-01-17 07:00:00,2026-01-17 09:00:00,P,RV0656,S5
876,2020-03-08 11:00:00,2020-03-08 12:00:00,A,RV0264,S4
877,2024-09-30 08:00:00,2024-09-30 09:00:00,A,RV0229,S2
878,2025-10-13 08:00:00,2025-10-13 10:00:00,A,RV0941,S3
879,2021-11-17 18:00:00,2021-11-17 20:00:00,A,RV0402,S4
880,2025-07-28 16:00:00,2025-07-28 17:00:00,P,RV0728,S2
881,2022-01-27 07:00:00,2022-01-27 08:00:00,A,RV0553,S3
882,2025-06-08 12:00:00,2025-06-08 14:00:00,A,RV0913,S4
883,2022-06-23 06:00:00,2022-06-23 07:00:00,A,RV0959,S3
884,2020-03-02 15:00:00,2020-03-02 17:00:00,A,RV0443,S2
885,2020-04-01 19:00:00,2020-04-01 20:00:00,A,RV0556,S5
886,2022-09-11 13:00:00,2022-09-11 15:00:00,A,RV0541,S1
887,2022-03-20 19:00:00,2022-03-20 20:00:00,C,RV0199,S5
888,2025-08-15 17:00:00,2025-08-15 19:00:00,A,RV0486,S3
889,2022-07-21 16:00:00,2022-07-21 17:00:00,A,RV0217,S1
890,2021-05-08 18:00:00,2021-05-08 20:00:00,C,RV0660,S1
891,2022-08-06 07:00:00,2022-08-06 08:00:00,A,RV0913,S3
892,2020-12-05 15:00:00,2020-12-05 17:00:00,A,RV0026,S3
893,2024-10-05 06:00:00,2024-10-05 08:00:00,A,RV0876,S1
894,2022-12-09 18:00:00,2022-12-09 20:00:00,A,RV0050,S4
895,2021-01-30 16:00:00,2021-01-30 17:00:00,A,RV0796,S4
896,2023-06-13 18:00:00,2023-06-13 20:00:00,P,RV0366,S5
897,2022-09-30 16:00:00,2022-09-30 17:00:00,P,RV0995,S5
898,2025-07-28 10:00:00,2025-07-28 12:00:00,P,RV0099,S4
899,2023-08-07 19:00:00,2023-08-07 21:00:00,A,RV0594,S1
900,2023-10-29 15:00:00,2023-10-29 17:00:00,A,RV0648,S3
901,2022-09-01 07:00:00,2022-09-01 09:00:00,A,RV0518,S1
902,2025-08-01 12:00:00,2025-08-01 14:00:00,P,RV0794,S4
903,2023-07-30 16:00:00,2023-07-30 17:00:00,A,RV0374,S5
904,2021-02-16 18:00:00,2021-02-16 20:00:00,P,RV0760,S1
905,2024-11-21 20:00:00,2024-11-21 22:00:00,A,RV0711,S5
906,2024-03-09 16:00:00,2024-03-09 18:00:00,A,RV0744,S2
907,2024-09-11 07:00:00,2024-09-11 08:00:00,A,RV0706,S5
908,2021-12-16 20:00:00,2021-12-16 21:00:00,A,RV0530,S2
909,2020-07-14 12:00:00,2020-07-14 13:00:00,A,RV0796,S2
910,2022-12-07 19:00:00,2022-12-07 21:00:00,P,RV0832,S2
911,2024-12-07 19:00:00,2024-12-07 20:00:00,P,RV0542,S3
912,2020-08-21 15:00:00,2020-08-21 17:00:00,A,RV0390,S2
913,2020-09-23 10:00:00,2020-09-23 11:00:00,A,RV0953,S2
914,2022-01-10 13:00:00,2022-01-10 14:00:00,A,RV0723,S2
915,2023-07-10 19:00:00,2023-07-10 20:00:00,A,RV0872,S3
916,2024-04-29 11:00:00,2024-04-29 12:00:00,A,RV0600,S1
917,2024-01-19 20:00:00,2024-01-19 21:00:00,A,RV0765,S4
918,2022-01-07 19:00:00,2022-01-07 20:00:00,A,RV0903,S2
919,2021-02-22 12:00:00,2021-02-22 13:00:00,A,RV0405,S1
920,2024-10-23 16:00:00,2024-10-23 18:00:00,A,RV0596,S4
921,2024-12-29 19:00:00,2024-12-29 21:00:00,A,RV0630,S4
922,2024-07-06 18:00:00,2024-07-06 19:00:00,A,RV0899,S1
923,2021-08-29 10:00:00,2021-08-29 11:00:00,A,RV0304,S2
924,2024-02-06 13:00:00,2024-02-06 15:00:00,P,RV0064,S1
925,2024-01-31 13:00:00,2024-01-31 15:00:00,P,RV0285,S3
926,2020-03-20 16:00:00,2020-03-20 17:00:00,A,RV0827,S5
927,2020-01-03 06:00:00,2020-01-03 08:00:00,A,RV0955,S4
928,2025-03-02 20:00:00,2025-03-02 22:00:00,A,RV0705,S1
929,2022-04-16 18:00:00,2022-04-16 19:00:00,A,RV0831,S3
930,2020-10-31 09:00:00,2020-10-31 11:00:00,A,RV0410,S1
931,2023-09-01 07:00:00,2023-09-01 09:00:00,A,RV0618,S5
932,2026-01-06 12:00:00,2026-01-06 13:00:00,P,RV0649,S4
933,2025-12-05 19:00:00,2025-12-05 21:00:00,A,RV0830,S4
934,2023-06-02 11:00:00,2023-06-02 12:00:00,A,RV0810,S1
935,2024-03-01 13:00:00,2024-03-01 14:00:00,P,RV0218,S3
936,2025-04-03 13:00:00,2025-04-03 15:00:00,P,RV0708,S2
937,2024-05-10 09:00:00,2024-05-10 10:00:00,P,RV0989,S3
938,2021-09-14 11:00:00,2021-09-14 13:00:00,A,RV0590,S1
939,2022-12-20 18:00:00,2022-12-20 20:00:00,A,RV0636,S5
940,2025-06-01 12:00:00,2025-06-01 14:00:00,C,RV0768,S2
941,2022-11-08 09:00:00,2022-11-08 10:00:00,A,RV0207,S1
942,2024-04-01 10:00:00,2024-04-01 12:00:00,A,RV0322,S1
943,2024-03-19 06:00:00,2024-03-19 08:00:00,C,RV0253,S1
944,2023-09-11 10:00:00,2023-09-11 11:00:00,A,RV0066,S2
945,2024-04-24 09:00:00,2024-04-24 10:00:00,A,RV0956,S3
946,2022-08-03 11:00:00,2022-08-03 12:00:00,A,RV0669,S2
947,2024-05-12 17:00:00,2024-05-12 19:00:00,C,RV0589,S5
948,2022-03-09 15:00:00,2022-03-09 17:00:00,P,RV0534,S4
949,2026-04-08 16:00:00,2026-04-08 17:00:00,C,RV0858,S1
950,2020-02-09 19:00:00,2020-02-09 20:00:00,A,RV0212,S3
951,2022-09-13 19:00:00,2022-09-13 21:00:00,A,RV0843,S1
952,2020-12-12 19:00:00,2020-12-12 21:00:00,P,RV0507,S1
953,2022-01-09 19:00:00,2022-01-09 21:00:00,A,RV0586,S4
954,2026-03-09 16:00:00,2026-03-09 17:00:00,A,RV0935,S1
955,2026-05-01 12:00:00,2026-05-01 13:00:00,C,RV0893,S5
956,2020-01-25 20:00:00,2020-01-25 22:00:00,A,RV0659,S2
957,2021-01-06 11:00:00,2021-01-06 13:00:00,P,RV0520,S5
958,2022-11-21 12:00:00,2022-11-21 14:00:00,A,RV0166,S5
959,2024-09-30 15:00:00,2024-09-30 17:00:00,A,RV0138,S2
960,2025-10-18 09:00:00,2025-10-18 11:00:00,P,RV0592,S3
961,2022-07-28 06:00:00,2022-07-28 07:00:00,A,RV0430,S1
962,2024-11-18 20:00:00,2024-11-18 21:00:00,A,RV0739,S3
963,2024-04-27 20:00:00,2024-04-27 21:00:00,P,RV0724,S2
964,2020-11-16 11:00:00,2020-11-16 13:00:00,A,RV0866,S5
965,2024-10-09 10:00:00,2024-10-09 12:00:00,A,RV0755,S3
966,2023-06-25 11:00:00,2023-06-25 12:00:00,A,RV0950,S1
967,2022-06-20 08:00:00,2022-06-20 09:00:00,A,RV0802,S5
968,2022-06-02 08:00:00,2022-06-02 10:00:00,A,RV0443,S1
969,2021-03-02 08:00:00,2021-03-02 10:00:00,A,RV0040,S5
970,2025-08-08 14:00:00,2025-08-08 16:00:00,A,RV0250,S3
971,2022-01-01 09:00:00,2022-01-01 10:00:00,A,RV0992,S5
972,2025-03-02 13:00:00,2025-03-02 14:00:00,C,RV0182,S5
973,2023-09-12 06:00:00,2023-09-12 07:00:00,C,RV0319,S3
974,2020-04-30 08:00:00,2020-04-30 10:00:00,P,RV0588,S4
975,2021-01-26 08:00:00,2021-01-26 09:00:00,A,RV0789,S4
976,2021-04-22 16:00:00,2021-04-22 17:00:00,P,RV0835,S3
977,2022-12-02 17:00:00,2022-12-02 18:00:00,P,RV0111,S1
978,2022-12-10 13:00:00,2022-12-10 15:00:00,P,RV0931,S5
979,2020-12-14 15:00:00,2020-12-14 16:00:00,A,RV0802,S1
980,2023-01-01 16:00:00,2023-01-01 17:00:00,C,RV0752,S3
981,2021-06-06 20:00:00,2021-06-06 22:00:00,P,RV0455,S1
982,2020-07-29 14:00:00,2020-07-29 16:00:00,P,RV0591,S2
983,2024-06-25 11:00:00,2024-06-25 13:00:00,P,RV0252,S4
984,2025-08-01 15:00:00,2025-08-01 17:00:00,C,RV0629,S3
985,2021-03-24 09:00:00,2021-03-24 10:00:00,C,RV0031,S3
986,2021-11-21 08:00:00,2021-11-21 09:00:00,C,RV0428,S4
987,2025-07-06 10:00:00,2025-07-06 12:00:00,A,RV0746,S1
988,2020-11-27 17:00:00,2020-11-27 18:00:00,A,RV0676,S1
989,2023-07-25 18:00:00,2023-07-25 20:00:00,P,RV0851,S5
990,2024-11-06 12:00:00,2024-11-06 13:00:00,A,RV0352,S2
991,2024-06-22 08:00:00,2024-06-22 10:00:00,A,RV0669,S1
992,2022-05-20 06:00:00,2022-05-20 07:00:00,C,RV0075,S4
993,2020-07-01 17:00:00,2020-07-01 19:00:00,C,RV0146,S5
994,2020-08-27 18:00:00,2020-08-27 20:00:00,C,RV0800,S1
995,2020-04-15 20:00:00,2020-04-15 22:00:00,C,RV0636,S2
996,2023-03-19 12:00:00,2023-03-19 14:00:00,A,RV0596,S2
997,2026-04-26 13:00:00,2026-04-26 14:00:00,C,RV0939,S4
998,2021-11-11 06:00:00,2021-11-11 08:00:00,P,RV0113,S4
999,2024-07-31 10:00:00,2024-07-31 11:00:00,A,RV0738,S1
1000,2022-08-30 14:00:00,2022-08-30 15:00:00,A,RV0239,S5
