reservation_number,date,code
RV0001,2022-11-19 00:00:00,4543533
RV0002,2024-06-04 00:00:00,6478560
RV0003,2020-09-12 00:00:00,3958443
RV0004,2021-01-26 00:00:00,1295310
RV0005,2022-08-26 00:00:00,4204831
RV0006,2024-03-24 00:00:00,3297199
RV0007,2023-11-13 00:00:00,3312525
RV0008,2021-11-15 00:00:00,4665143
RV0009,2021-03-26 00:00:00,2782893
RV0010,2021-04-23 00:00:00,1286760
RV0011,2021-06-26 00:00:00,2886402
RV0012,2026-05-10 00:00:00,8383087
RV0013,2024-08-12 00:00:00,9689507
RV0014,2024-04-16 00:00:00,3776267
RV0015,2022-03-23 00:00:00,4296617
RV0016,2022-06-14 00:00:00,4108841
RV0017,2023-09-06 00:00:00,3084945
RV0018,2021-08-01 00:00:00,9408338
RV0019,2020-07-24 00:00:00,9631994
RV0020,2023-09-17 00:00:00,6870204
RV0021,2022-06-06 00:00:00,7994198
RV0022,2023-06-29 00:00:00,7188786
RV0023,2021-07-22 00:00:00,5870967
RV0024,2020-06-08 00:00:00,2867274
RV0025,2025-12-02 00:00:00,4076737
RV0026,2026-04-22 00:00:00,7138153
RV0027,2025-06-02 00:00:00,4324745
RV0028,2024-04-09 00:00:00,3447546
RV0029,2025-02-13 00:00:00,3410982
RV0030,2022-12-15 00:00:00,1071674
RV0031,2022-04-01 00:00:00,4589505
RV0032,2024-04-27 00:00:00,4672741
RV0033,2024-06-24 00:00:00,2764352
RV0034,2024-06-26 00:00:00,4909271
RV0035,2021-09-10 00:00:00,6257661
RV0036,2022-02-22 00:00:00,2165586
RV0037,2026-02-12 00:00:00,9445464
RV0038,2024-05-07 00:00:00,6349878
RV0039,2025-09-19 00:00:00,5593623
RV0040,2024-10-22 00:00:00,1215716
RV0041,2022-08-17 00:00:00,7225567
RV0042,2023-10-25 00:00:00,7890760
RV0043,2021-08-27 00:00:00,7654355
RV0044,2023-01-17 00:00:00,6140021
RV0045,2025-12-10 00:00:00,8891079
RV0046,2021-04-06 00:00:00,6503436
RV0047,2026-02-03 00:00:00,5896712
RV0048,2024-01-02 00:00:00,9304741
RV0049,2021-04-21 00:00:00,7959417
RV0050,2020-04-09 00:00:00,5013387
RV0051,2023-10-16 00:00:00,3229211
RV0052,2023-02-08 00:00:00,3084945
RV0053,2026-02-08 00:00:00,6440022
RV0054,2022-05-12 00:00:00,8357492
RV0055,2022-07-29 00:00:00,1400306
RV0056,2020-06-25 00:00:00,2747268
RV0057,2020-12-29 00:00:00,3042056
RV0058,2022-06-27 00:00:00,6135589
RV0059,2021-11-01 00:00:00,4515508
RV0060,2022-07-24 00:00:00,1083972
RV0061,2024-03-19 00:00:00,8306419
RV0062,2020-02-29 00:00:00,3303399
RV0063,2024-02-14 00:00:00,8592237
RV0064,2026-02-02 00:00:00,4157206
RV0065,2021-11-07 00:00:00,9481954
RV0066,2025-11-06 00:00:00,9181277
RV0067,2023-12-20 00:00:00,8636720
RV0068,2021-05-22 00:00:00,8134298
RV0069,2023-09-11 00:00:00,1400306
RV0070,2024-08-18 00:00:00,2306157
RV0071,2023-03-03 00:00:00,9454740
RV0072,2025-12-08 00:00:00,5963287
RV0073,2023-03-07 00:00:00,9784866
RV0074,2025-02-23 00:00:00,6165148
RV0075,2025-02-25 00:00:00,6525677
RV0076,2022-01-18 00:00:00,9133043
RV0077,2024-04-11 00:00:00,5559845
RV0078,2025-05-27 00:00:00,6341996
RV0079,2024-09-15 00:00:00,6579201
RV0080,2026-01-04 00:00:00,1885637
RV0081,2025-05-12 00:00:00,7560213
RV0082,2023-11-14 00:00:00,1929907
RV0083,2022-11-19 00:00:00,4328736
RV0084,2023-11-19 00:00:00,4662913
RV0085,2021-04-29 00:00:00,5252559
RV0086,2022-02-17 00:00:00,2780331
RV0087,2026-02-15 00:00:00,2700440
RV0088,2022-11-13 00:00:00,9254980
RV0089,2022-12-30 00:00:00,7660100
RV0090,2020-12-01 00:00:00,8134298
RV0091,2024-01-15 00:00:00,7752355
RV0092,2026-03-02 00:00:00,1480528
RV0093,2022-08-27 00:00:00,9199175
RV0094,2020-11-01 00:00:00,9243410
RV0095,2020-03-28 00:00:00,8061065
RV0096,2023-06-25 00:00:00,7148797
RV0097,2024-01-17 00:00:00,1435820
RV0098,2025-03-12 00:00:00,8981388
RV0099,2021-07-17 00:00:00,4122981
RV0100,2024-04-10 00:00:00,5799614
RV0101,2023-02-04 00:00:00,3458130
RV0102,2021-08-16 00:00:00,8342817
RV0103,2021-02-17 00:00:00,5677963
RV0104,2022-12-29 00:00:00,5350981
RV0105,2023-01-30 00:00:00,5327941
RV0106,2021-09-13 00:00:00,9467597
RV0107,2020-12-04 00:00:00,2330498
RV0108,2024-03-07 00:00:00,2183440
RV0109,2021-09-27 00:00:00,8942509
RV0110,2020-08-14 00:00:00,2179149
RV0111,2021-10-08 00:00:00,1510824
RV0112,2020-04-22 00:00:00,1537382
RV0113,2022-07-21 00:00:00,7061321
RV0114,2020-12-07 00:00:00,4030394
RV0115,2020-10-21 00:00:00,6210853
RV0116,2025-08-23 00:00:00,3555338
RV0117,2026-01-24 00:00:00,4167210
RV0118,2024-05-17 00:00:00,3740343
RV0119,2024-08-23 00:00:00,7670122
RV0120,2024-02-06 00:00:00,8335934
RV0121,2022-02-26 00:00:00,1126291
RV0122,2025-11-21 00:00:00,8665067
RV0123,2020-06-08 00:00:00,9371194
RV0124,2026-02-07 00:00:00,8942509
RV0125,2026-02-20 00:00:00,8306419
RV0126,2023-02-15 00:00:00,2849126
RV0127,2020-02-01 00:00:00,9118234
RV0128,2026-01-08 00:00:00,9809468
RV0129,2020-10-27 00:00:00,1424237
RV0130,2026-03-08 00:00:00,4786960
RV0131,2020-01-20 00:00:00,5327941
RV0132,2025-01-02 00:00:00,6014044
RV0133,2021-02-19 00:00:00,3189023
RV0134,2021-02-25 00:00:00,8593652
RV0135,2024-09-13 00:00:00,5242876
RV0136,2024-04-06 00:00:00,7050674
RV0137,2022-08-02 00:00:00,3128067
RV0138,2023-06-08 00:00:00,9486754
RV0139,2022-03-14 00:00:00,1486536
RV0140,2023-12-25 00:00:00,7660100
RV0141,2024-08-15 00:00:00,8768565
RV0142,2021-01-27 00:00:00,1565171
RV0143,2023-01-30 00:00:00,5842139
RV0144,2023-06-29 00:00:00,2042377
RV0145,2023-04-30 00:00:00,5799614
RV0146,2024-01-19 00:00:00,8967716
RV0147,2021-01-22 00:00:00,8473334
RV0148,2026-02-22 00:00:00,4736165
RV0149,2025-09-07 00:00:00,9777674
RV0150,2020-09-22 00:00:00,4761870
RV0151,2022-03-31 00:00:00,2622493
RV0152,2020-05-15 00:00:00,6733675
RV0153,2022-10-24 00:00:00,9578286
RV0154,2021-11-09 00:00:00,7785181
RV0155,2024-01-14 00:00:00,4470830
RV0156,2023-09-07 00:00:00,1590021
RV0157,2022-07-01 00:00:00,3726077
RV0158,2021-05-13 00:00:00,6849958
RV0159,2021-02-25 00:00:00,3458035
RV0160,2021-11-09 00:00:00,9221258
RV0161,2022-02-11 00:00:00,7809804
RV0162,2026-05-07 00:00:00,1837786
RV0163,2020-10-27 00:00:00,8529292
RV0164,2023-03-28 00:00:00,4515508
RV0165,2020-04-18 00:00:00,5700048
RV0166,2025-12-19 00:00:00,6849958
RV0167,2026-05-17 00:00:00,1337360
RV0168,2021-07-18 00:00:00,1746631
RV0169,2023-07-01 00:00:00,8818925
RV0170,2021-11-14 00:00:00,8133594
RV0171,2020-01-26 00:00:00,8827540
RV0172,2023-04-29 00:00:00,9123198
RV0173,2022-04-20 00:00:00,9123198
RV0174,2025-09-19 00:00:00,4934395
RV0175,2025-09-06 00:00:00,9717132
RV0176,2022-01-14 00:00:00,3042896
RV0177,2023-10-29 00:00:00,5700048
RV0178,2022-10-28 00:00:00,8048365
RV0179,2025-12-18 00:00:00,8529292
RV0180,2024-04-14 00:00:00,9405944
RV0181,2025-01-19 00:00:00,6817907
RV0182,2023-08-24 00:00:00,4805179
RV0183,2024-12-04 00:00:00,1220516
RV0184,2020-02-28 00:00:00,1107041
RV0185,2023-01-16 00:00:00,4531200
RV0186,2022-08-27 00:00:00,8689726
RV0187,2023-01-08 00:00:00,7569888
RV0188,2021-05-15 00:00:00,4160133
RV0189,2022-10-07 00:00:00,5439256
RV0190,2021-03-26 00:00:00,4090546
RV0191,2025-10-01 00:00:00,9254980
RV0192,2024-07-14 00:00:00,7633217
RV0193,2020-02-05 00:00:00,3577815
RV0194,2023-06-10 00:00:00,7215821
RV0195,2023-07-21 00:00:00,6765943
RV0196,2021-02-21 00:00:00,9454109
RV0197,2022-01-17 00:00:00,7994198
RV0198,2024-05-12 00:00:00,8768565
RV0199,2021-02-25 00:00:00,5327941
RV0200,2021-04-11 00:00:00,9816829
RV0201,2022-03-02 00:00:00,7507259
RV0202,2026-01-03 00:00:00,1921214
RV0203,2025-01-03 00:00:00,6848225
RV0204,2022-04-20 00:00:00,1886353
RV0205,2023-05-16 00:00:00,8885938
RV0206,2022-05-05 00:00:00,3812765
RV0207,2020-02-09 00:00:00,1886353
RV0208,2021-03-18 00:00:00,8302476
RV0209,2022-10-28 00:00:00,5609900
RV0210,2024-06-14 00:00:00,8342817
RV0211,2022-03-21 00:00:00,6537997
RV0212,2020-04-25 00:00:00,7593558
RV0213,2025-10-05 00:00:00,5806124
RV0214,2023-12-19 00:00:00,8403975
RV0215,2021-11-28 00:00:00,4934395
RV0216,2022-12-28 00:00:00,2032483
RV0217,2023-07-23 00:00:00,5811144
RV0218,2025-12-23 00:00:00,5186499
RV0219,2026-02-08 00:00:00,7031874
RV0220,2023-10-30 00:00:00,8969677
RV0221,2022-10-25 00:00:00,1649482
RV0222,2021-12-04 00:00:00,5044612
RV0223,2025-01-22 00:00:00,3692294
RV0224,2025-01-05 00:00:00,5813240
RV0225,2020-05-03 00:00:00,2281751
RV0226,2021-03-27 00:00:00,4511031
RV0227,2024-11-20 00:00:00,5682531
RV0228,2021-08-30 00:00:00,8662743
RV0229,2024-03-28 00:00:00,7915475
RV0230,2020-05-20 00:00:00,3064324
RV0231,2020-08-19 00:00:00,5273595
RV0232,2023-10-16 00:00:00,4340514
RV0233,2024-10-24 00:00:00,7877818
RV0234,2024-11-10 00:00:00,1881993
RV0235,2022-06-28 00:00:00,6135589
RV0236,2025-04-26 00:00:00,9522290
RV0237,2024-02-03 00:00:00,4318131
RV0238,2023-07-28 00:00:00,8622751
RV0239,2020-03-21 00:00:00,1810850
RV0240,2021-05-22 00:00:00,4319835
RV0241,2021-10-25 00:00:00,5682531
RV0242,2023-06-23 00:00:00,5499772
RV0243,2020-03-12 00:00:00,2688888
RV0244,2020-06-10 00:00:00,7890760
RV0245,2024-10-26 00:00:00,9689507
RV0246,2024-08-04 00:00:00,7507259
RV0247,2023-08-15 00:00:00,5428099
RV0248,2024-03-13 00:00:00,4056059
RV0249,2022-12-26 00:00:00,1060203
RV0250,2023-01-04 00:00:00,5541204
RV0251,2025-10-12 00:00:00,2573890
RV0252,2020-10-25 00:00:00,5474047
RV0253,2022-03-30 00:00:00,3726077
RV0254,2023-09-24 00:00:00,9059308
RV0255,2022-02-07 00:00:00,2627172
RV0256,2021-04-17 00:00:00,9871273
RV0257,2025-05-20 00:00:00,9602492
RV0258,2024-10-31 00:00:00,6975278
RV0259,2026-02-10 00:00:00,8045461
RV0260,2022-04-17 00:00:00,4338026
RV0261,2021-08-11 00:00:00,4822799
RV0262,2025-06-30 00:00:00,9522290
RV0263,2022-10-28 00:00:00,5474047
RV0264,2021-06-28 00:00:00,1916236
RV0265,2024-02-08 00:00:00,7138153
RV0266,2020-02-17 00:00:00,5943120
RV0267,2021-12-31 00:00:00,1009394
RV0268,2024-07-13 00:00:00,9777674
RV0269,2022-12-18 00:00:00,9513116
RV0270,2020-10-21 00:00:00,8507340
RV0271,2025-07-06 00:00:00,4268622
RV0272,2026-05-11 00:00:00,1061759
RV0273,2020-06-07 00:00:00,6765943
RV0274,2024-08-04 00:00:00,1039685
RV0275,2020-11-08 00:00:00,5239167
RV0276,2023-01-11 00:00:00,5915317
RV0277,2024-05-10 00:00:00,7341215
RV0278,2021-01-29 00:00:00,8830609
RV0279,2021-09-09 00:00:00,9725634
RV0280,2025-01-26 00:00:00,5941578
RV0281,2022-06-10 00:00:00,2403317
RV0282,2024-11-06 00:00:00,4926588
RV0283,2024-08-13 00:00:00,7061321
RV0284,2026-01-06 00:00:00,4076737
RV0285,2024-11-18 00:00:00,1100196
RV0286,2025-09-19 00:00:00,8827540
RV0287,2025-11-29 00:00:00,7619709
RV0288,2024-06-10 00:00:00,8967716
RV0289,2025-10-22 00:00:00,5095454
RV0290,2022-11-12 00:00:00,9351792
RV0291,2023-05-28 00:00:00,3999626
RV0292,2026-04-30 00:00:00,3959817
RV0293,2021-05-08 00:00:00,5680664
RV0294,2022-06-01 00:00:00,7652881
RV0295,2021-06-18 00:00:00,8873811
RV0296,2025-02-21 00:00:00,3385977
RV0297,2023-06-24 00:00:00,5129736
RV0298,2024-11-24 00:00:00,3167062
RV0299,2024-12-24 00:00:00,6123585
RV0300,2025-09-03 00:00:00,8193034
RV0301,2024-03-27 00:00:00,1728916
RV0302,2020-06-15 00:00:00,8287323
RV0303,2022-11-16 00:00:00,6254752
RV0304,2025-10-15 00:00:00,6978406
RV0305,2023-11-06 00:00:00,1714947
RV0306,2020-02-18 00:00:00,8818925
RV0307,2020-04-11 00:00:00,4485842
RV0308,2026-04-19 00:00:00,2330498
RV0309,2021-04-05 00:00:00,9256498
RV0310,2022-08-09 00:00:00,6626601
RV0311,2022-02-25 00:00:00,8342817
RV0312,2023-06-29 00:00:00,9605653
RV0313,2025-05-29 00:00:00,5726850
RV0314,2020-05-13 00:00:00,6638757
RV0315,2025-03-07 00:00:00,1488920
RV0316,2023-04-29 00:00:00,8404817
RV0317,2023-09-02 00:00:00,1560519
RV0318,2020-03-09 00:00:00,8335934
RV0319,2025-10-15 00:00:00,6975278
RV0320,2026-03-27 00:00:00,4665143
RV0321,2023-10-31 00:00:00,4485842
RV0322,2021-01-23 00:00:00,4679662
RV0323,2025-10-04 00:00:00,8106119
RV0324,2021-03-07 00:00:00,1970340
RV0325,2021-08-28 00:00:00,3128067
RV0326,2024-10-15 00:00:00,3433368
RV0327,2026-05-20 00:00:00,4462889
RV0328,2025-07-25 00:00:00,7531480
RV0329,2022-07-25 00:00:00,1921214
RV0330,2023-04-09 00:00:00,7839391
RV0331,2022-01-24 00:00:00,3709301
RV0332,2025-11-04 00:00:00,9468570
RV0333,2025-11-23 00:00:00,6440022
RV0334,2020-05-08 00:00:00,1970340
RV0335,2021-12-03 00:00:00,4898178
RV0336,2024-03-25 00:00:00,4972613
RV0337,2025-05-04 00:00:00,5350972
RV0338,2023-05-17 00:00:00,7387349
RV0339,2020-03-28 00:00:00,5814173
RV0340,2022-11-24 00:00:00,9064762
RV0341,2023-06-29 00:00:00,5239167
RV0342,2023-03-07 00:00:00,1850351
RV0343,2022-02-07 00:00:00,4053452
RV0344,2022-12-11 00:00:00,2227189
RV0345,2025-02-20 00:00:00,7215821
RV0346,2021-08-21 00:00:00,4786960
RV0347,2023-06-27 00:00:00,8737194
RV0348,2023-07-21 00:00:00,5941578
RV0349,2020-04-16 00:00:00,9467597
RV0350,2022-11-24 00:00:00,9809468
RV0351,2021-12-24 00:00:00,8282582
RV0352,2023-06-22 00:00:00,9336768
RV0353,2020-02-04 00:00:00,1400306
RV0354,2021-12-28 00:00:00,9454740
RV0355,2025-10-26 00:00:00,3781161
RV0356,2021-07-28 00:00:00,5825282
RV0357,2023-08-09 00:00:00,3229211
RV0358,2025-04-24 00:00:00,1750336
RV0359,2023-06-07 00:00:00,8738088
RV0360,2023-01-17 00:00:00,3383325
RV0361,2020-10-22 00:00:00,1838354
RV0362,2022-08-22 00:00:00,7623720
RV0363,2022-11-16 00:00:00,8422814
RV0364,2025-03-24 00:00:00,7146595
RV0365,2025-09-06 00:00:00,8827540
RV0366,2023-12-27 00:00:00,6067333
RV0367,2020-11-26 00:00:00,1714947
RV0368,2021-05-04 00:00:00,4223883
RV0369,2021-04-09 00:00:00,5842139
RV0370,2022-09-13 00:00:00,7962414
RV0371,2020-04-02 00:00:00,3304889
RV0372,2023-11-24 00:00:00,5202449
RV0373,2020-12-18 00:00:00,1558077
RV0374,2025-11-16 00:00:00,1730508
RV0375,2026-02-09 00:00:00,2784030
RV0376,2022-12-19 00:00:00,1217207
RV0377,2023-10-25 00:00:00,2199398
RV0378,2020-11-03 00:00:00,9932140
RV0379,2023-05-18 00:00:00,8709100
RV0380,2022-04-22 00:00:00,5129736
RV0381,2025-12-02 00:00:00,8567045
RV0382,2022-03-07 00:00:00,8080533
RV0383,2026-01-16 00:00:00,6123580
RV0384,2021-05-22 00:00:00,6981015
RV0385,2022-02-22 00:00:00,4167210
RV0386,2025-08-25 00:00:00,5129736
RV0387,2022-02-12 00:00:00,3929635
RV0388,2021-09-28 00:00:00,7742860
RV0389,2021-12-08 00:00:00,5623737
RV0390,2024-01-09 00:00:00,4053452
RV0391,2023-06-06 00:00:00,8198418
RV0392,2023-03-13 00:00:00,1435820
RV0393,2024-11-25 00:00:00,7991477
RV0394,2026-01-04 00:00:00,6704689
RV0395,2021-10-09 00:00:00,8825727
RV0396,2024-12-30 00:00:00,4480436
RV0397,2024-10-08 00:00:00,8831242
RV0398,2021-08-10 00:00:00,1921214
RV0399,2023-01-19 00:00:00,8738437
RV0400,2022-06-02 00:00:00,4726997
RV0401,2025-11-07 00:00:00,2281751
RV0402,2021-01-06 00:00:00,7038844
RV0403,2022-07-02 00:00:00,8404817
RV0404,2023-06-11 00:00:00,4427148
RV0405,2021-11-10 00:00:00,2358893
RV0406,2025-02-05 00:00:00,7194235
RV0407,2020-07-02 00:00:00,8942509
RV0408,2020-11-15 00:00:00,3471071
RV0409,2021-06-12 00:00:00,1649482
RV0410,2025-06-07 00:00:00,5382246
RV0411,2023-12-11 00:00:00,5273595
RV0412,2022-08-02 00:00:00,3374515
RV0413,2023-01-07 00:00:00,3042056
RV0414,2020-09-16 00:00:00,7803433
RV0415,2025-01-03 00:00:00,8302476
RV0416,2026-05-09 00:00:00,2036210
RV0417,2020-05-31 00:00:00,5825282
RV0418,2021-07-12 00:00:00,8491588
RV0419,2021-03-18 00:00:00,6626601
RV0420,2020-09-18 00:00:00,4319835
RV0421,2026-02-18 00:00:00,7396566
RV0422,2023-01-03 00:00:00,9084631
RV0423,2025-08-08 00:00:00,6328639
RV0424,2024-03-13 00:00:00,2784030
RV0425,2022-09-02 00:00:00,4122981
RV0426,2024-01-13 00:00:00,3042056
RV0427,2023-01-28 00:00:00,7994198
RV0428,2021-01-20 00:00:00,3813692
RV0429,2022-07-02 00:00:00,6014044
RV0430,2022-09-16 00:00:00,6581434
RV0431,2020-09-10 00:00:00,8747826
RV0432,2023-09-22 00:00:00,1885637
RV0433,2021-10-29 00:00:00,2358893
RV0434,2023-11-12 00:00:00,2780331
RV0435,2021-11-12 00:00:00,3179944
RV0436,2025-03-14 00:00:00,1102760
RV0437,2020-02-24 00:00:00,9383428
RV0438,2021-07-05 00:00:00,7148797
RV0439,2020-04-03 00:00:00,6518913
RV0440,2023-07-18 00:00:00,2622493
RV0441,2021-06-28 00:00:00,3297199
RV0442,2025-07-07 00:00:00,4315212
RV0443,2021-06-16 00:00:00,5541204
RV0444,2021-05-02 00:00:00,2086295
RV0445,2023-07-26 00:00:00,9784866
RV0446,2024-06-21 00:00:00,9243410
RV0447,2024-03-27 00:00:00,3042056
RV0448,2022-12-13 00:00:00,7869666
RV0449,2022-09-01 00:00:00,7154141
RV0450,2021-02-15 00:00:00,1921214
RV0451,2022-12-06 00:00:00,8669669
RV0452,2025-03-23 00:00:00,1302924
RV0453,2023-02-28 00:00:00,5878996
RV0454,2021-07-21 00:00:00,2032483
RV0455,2020-06-18 00:00:00,1009394
RV0456,2022-04-25 00:00:00,5037980
RV0457,2025-01-10 00:00:00,9408338
RV0458,2021-10-07 00:00:00,1814153
RV0459,2025-04-20 00:00:00,4298342
RV0460,2022-05-09 00:00:00,9843793
RV0461,2023-09-01 00:00:00,5074486
RV0462,2024-09-09 00:00:00,3577418
RV0463,2020-08-10 00:00:00,4515508
RV0464,2024-04-06 00:00:00,2394255
RV0465,2024-04-15 00:00:00,6440022
RV0466,2020-05-02 00:00:00,6453184
RV0467,2025-10-10 00:00:00,2954089
RV0468,2021-07-15 00:00:00,2134893
RV0469,2020-11-13 00:00:00,6225882
RV0470,2025-04-04 00:00:00,4927590
RV0471,2021-08-25 00:00:00,1587347
RV0472,2020-01-26 00:00:00,8404817
RV0473,2025-04-26 00:00:00,4470830
RV0474,2025-10-19 00:00:00,4122981
RV0475,2020-12-14 00:00:00,8106119
RV0476,2020-05-19 00:00:00,7979142
RV0477,2022-08-19 00:00:00,5137460
RV0478,2024-02-13 00:00:00,3350468
RV0479,2023-02-11 00:00:00,7454147
RV0480,2020-08-01 00:00:00,8156999
RV0481,2021-06-17 00:00:00,5049060
RV0482,2020-07-11 00:00:00,5561461
RV0483,2024-08-17 00:00:00,2835943
RV0484,2021-01-02 00:00:00,9932140
RV0485,2020-09-29 00:00:00,7038385
RV0486,2025-05-06 00:00:00,5870967
RV0487,2022-10-24 00:00:00,4749246
RV0488,2023-11-20 00:00:00,9543129
RV0489,2021-10-04 00:00:00,2862982
RV0490,2023-03-31 00:00:00,7188786
RV0491,2022-12-22 00:00:00,7320396
RV0492,2024-05-08 00:00:00,3809824
RV0493,2020-03-02 00:00:00,4845602
RV0494,2025-02-22 00:00:00,5996420
RV0495,2026-01-15 00:00:00,7335039
RV0496,2024-12-07 00:00:00,3308103
RV0497,2023-03-29 00:00:00,9118234
RV0498,2022-01-20 00:00:00,7312263
RV0499,2022-04-22 00:00:00,5499772
RV0500,2023-09-12 00:00:00,5379709
RV0501,2020-01-10 00:00:00,3445224
RV0502,2021-09-11 00:00:00,7149731
RV0503,2020-07-03 00:00:00,1083972
RV0504,2020-04-07 00:00:00,9784866
RV0505,2025-01-25 00:00:00,6902943
RV0506,2020-07-09 00:00:00,5854525
RV0507,2020-01-07 00:00:00,1872871
RV0508,2026-04-16 00:00:00,7331060
RV0509,2021-01-19 00:00:00,9830759
RV0510,2025-01-17 00:00:00,4822449
RV0511,2022-02-25 00:00:00,6849958
RV0512,2020-06-03 00:00:00,4308100
RV0513,2022-09-13 00:00:00,4073364
RV0514,2020-10-12 00:00:00,8403922
RV0515,2022-09-18 00:00:00,5219599
RV0516,2021-02-08 00:00:00,1846484
RV0517,2023-05-24 00:00:00,1567846
RV0518,2023-08-12 00:00:00,4157206
RV0519,2020-07-17 00:00:00,6455604
RV0520,2024-11-01 00:00:00,8287323
RV0521,2022-02-11 00:00:00,5095454
RV0522,2021-03-03 00:00:00,7140284
RV0523,2026-04-07 00:00:00,3229211
RV0524,2020-04-01 00:00:00,3048618
RV0525,2025-01-06 00:00:00,6882428
RV0526,2020-01-01 00:00:00,7752355
RV0527,2021-08-13 00:00:00,6408719
RV0528,2025-04-15 00:00:00,1645420
RV0529,2023-04-16 00:00:00,3170136
RV0530,2023-08-06 00:00:00,5699040
RV0531,2020-08-10 00:00:00,5193838
RV0532,2021-11-19 00:00:00,1215716
RV0533,2022-11-16 00:00:00,6453184
RV0534,2024-01-05 00:00:00,4076737
RV0535,2020-05-12 00:00:00,7479597
RV0536,2024-10-09 00:00:00,7451593
RV0537,2021-12-22 00:00:00,7655962
RV0538,2022-10-29 00:00:00,4376685
RV0539,2025-01-29 00:00:00,9343453
RV0540,2023-06-11 00:00:00,5327941
RV0541,2020-08-26 00:00:00,7341215
RV0542,2024-06-28 00:00:00,8221950
RV0543,2026-01-28 00:00:00,6975278
RV0544,2022-10-11 00:00:00,8659666
RV0545,2021-09-13 00:00:00,4326502
RV0546,2022-02-05 00:00:00,6848225
RV0547,2024-11-02 00:00:00,1007223
RV0548,2026-04-01 00:00:00,3303399
RV0549,2022-04-07 00:00:00,2541358
RV0550,2024-11-18 00:00:00,8771057
RV0551,2025-11-03 00:00:00,1731242
RV0552,2025-05-27 00:00:00,9373029
RV0553,2020-04-13 00:00:00,7301364
RV0554,2025-05-13 00:00:00,9750834
RV0555,2022-03-12 00:00:00,5129736
RV0556,2020-02-03 00:00:00,5908070
RV0557,2021-08-10 00:00:00,6025565
RV0558,2020-11-11 00:00:00,9776458
RV0559,2020-10-21 00:00:00,5664428
RV0560,2021-12-01 00:00:00,6349878
RV0561,2023-02-26 00:00:00,8907156
RV0562,2021-03-13 00:00:00,5901167
RV0563,2025-05-08 00:00:00,7654355
RV0564,2022-07-02 00:00:00,6190625
RV0565,2024-11-08 00:00:00,9534398
RV0566,2024-05-06 00:00:00,9304741
RV0567,2022-10-26 00:00:00,3756423
RV0568,2025-06-22 00:00:00,9304741
RV0569,2021-02-10 00:00:00,3094246
RV0570,2021-02-23 00:00:00,8440678
RV0571,2023-07-03 00:00:00,2115417
RV0572,2022-02-11 00:00:00,7079129
RV0573,2022-04-09 00:00:00,2493118
RV0574,2021-06-20 00:00:00,9631994
RV0575,2025-03-01 00:00:00,1464471
RV0576,2025-12-17 00:00:00,2997091
RV0577,2024-08-13 00:00:00,2886402
RV0578,2023-05-11 00:00:00,8662743
RV0579,2023-01-21 00:00:00,4786960
RV0580,2025-04-21 00:00:00,6525677
RV0581,2020-05-08 00:00:00,9970497
RV0582,2024-06-13 00:00:00,7411130
RV0583,2024-10-12 00:00:00,9181277
RV0584,2025-11-01 00:00:00,9351792
RV0585,2021-08-18 00:00:00,4437718
RV0586,2022-06-05 00:00:00,2662808
RV0587,2022-01-21 00:00:00,6553278
RV0588,2023-10-13 00:00:00,9133043
RV0589,2022-02-10 00:00:00,2179149
RV0590,2020-04-29 00:00:00,9371194
RV0591,2021-09-02 00:00:00,8287323
RV0592,2021-09-26 00:00:00,1220516
RV0593,2024-05-26 00:00:00,5074486
RV0594,2021-11-12 00:00:00,8738088
RV0595,2024-05-12 00:00:00,5002408
RV0596,2022-01-17 00:00:00,6123585
RV0597,2020-06-07 00:00:00,9468570
RV0598,2026-01-05 00:00:00,9256498
RV0599,2022-06-14 00:00:00,9383428
RV0600,2026-04-20 00:00:00,6135589
RV0601,2020-06-03 00:00:00,8626208
RV0602,2024-07-26 00:00:00,1802755
RV0603,2023-07-03 00:00:00,4056059
RV0604,2020-01-18 00:00:00,4340514
RV0605,2023-03-13 00:00:00,7343690
RV0606,2025-11-16 00:00:00,9084631
RV0607,2023-12-15 00:00:00,4308100
RV0608,2020-12-06 00:00:00,3327179
RV0609,2024-12-30 00:00:00,8133961
RV0610,2020-01-17 00:00:00,5430838
RV0611,2023-08-17 00:00:00,6123580
RV0612,2020-01-17 00:00:00,7414684
RV0613,2025-10-11 00:00:00,8073724
RV0614,2023-07-10 00:00:00,1352963
RV0615,2026-04-20 00:00:00,7957066
RV0616,2025-03-07 00:00:00,5853792
RV0617,2024-11-03 00:00:00,7173328
RV0618,2025-04-19 00:00:00,8578445
RV0619,2025-06-29 00:00:00,3990475
RV0620,2020-01-01 00:00:00,1918293
RV0621,2025-05-26 00:00:00,8873811
RV0622,2021-02-10 00:00:00,8562140
RV0623,2024-06-11 00:00:00,7154141
RV0624,2023-05-08 00:00:00,7752355
RV0625,2020-11-01 00:00:00,4308100
RV0626,2023-10-20 00:00:00,1430189
RV0627,2021-01-07 00:00:00,9454740
RV0628,2024-04-12 00:00:00,5238871
RV0629,2023-09-06 00:00:00,6025565
RV0630,2023-12-28 00:00:00,7148797
RV0631,2023-12-07 00:00:00,3700224
RV0632,2021-03-04 00:00:00,2362835
RV0633,2023-10-19 00:00:00,2212846
RV0634,2024-12-27 00:00:00,6942702
RV0635,2025-05-26 00:00:00,2645099
RV0636,2022-07-28 00:00:00,3866824
RV0637,2024-12-04 00:00:00,3003417
RV0638,2021-01-23 00:00:00,1587347
RV0639,2023-06-11 00:00:00,5943120
RV0640,2025-09-20 00:00:00,1042617
RV0641,2024-10-01 00:00:00,5539434
RV0642,2023-09-25 00:00:00,1083972
RV0643,2020-02-29 00:00:00,2358893
RV0644,2025-10-31 00:00:00,5026727
RV0645,2023-09-14 00:00:00,6481643
RV0646,2020-09-08 00:00:00,6453184
RV0647,2025-01-05 00:00:00,2326949
RV0648,2023-08-12 00:00:00,6391567
RV0649,2024-04-13 00:00:00,3267372
RV0650,2021-12-28 00:00:00,6006360
RV0651,2023-09-12 00:00:00,3021882
RV0652,2021-02-22 00:00:00,1040352
RV0653,2020-02-06 00:00:00,4515508
RV0654,2023-07-23 00:00:00,8250220
RV0655,2025-08-21 00:00:00,8578445
RV0656,2023-10-30 00:00:00,7619709
RV0657,2020-02-17 00:00:00,5239167
RV0658,2022-02-09 00:00:00,4672741
RV0659,2021-05-31 00:00:00,6553278
RV0660,2024-10-18 00:00:00,8831242
RV0661,2025-01-03 00:00:00,4637253
RV0662,2023-11-15 00:00:00,4019642
RV0663,2020-10-11 00:00:00,3809824
RV0664,2024-11-02 00:00:00,2165586
RV0665,2024-09-04 00:00:00,5814173
RV0666,2022-03-14 00:00:00,3683910
RV0667,2025-05-28 00:00:00,4019642
RV0668,2021-03-15 00:00:00,7619709
RV0669,2021-06-26 00:00:00,4123481
RV0670,2023-01-25 00:00:00,2133666
RV0671,2023-09-07 00:00:00,7654355
RV0672,2024-02-08 00:00:00,3031113
RV0673,2024-12-11 00:00:00,5862037
RV0674,2025-11-12 00:00:00,3048618
RV0675,2024-09-13 00:00:00,5439256
RV0676,2022-09-19 00:00:00,9243410
RV0677,2024-05-20 00:00:00,5915317
RV0678,2022-06-19 00:00:00,1217207
RV0679,2022-05-24 00:00:00,4991919
RV0680,2025-02-02 00:00:00,6301993
RV0681,2020-06-29 00:00:00,5239167
RV0682,2025-03-12 00:00:00,7869666
RV0683,2020-02-22 00:00:00,7387349
RV0684,2023-05-02 00:00:00,6165148
RV0685,2025-12-03 00:00:00,1748507
RV0686,2024-01-07 00:00:00,8393909
RV0687,2020-04-12 00:00:00,6807034
RV0688,2025-04-28 00:00:00,6268783
RV0689,2025-08-10 00:00:00,7569888
RV0690,2020-05-01 00:00:00,3809824
RV0691,2020-05-28 00:00:00,3410982
RV0692,2024-06-04 00:00:00,8907156
RV0693,2023-02-07 00:00:00,6870204
RV0694,2021-02-26 00:00:00,6440022
RV0695,2023-02-16 00:00:00,2816346
RV0696,2023-11-20 00:00:00,1430189
RV0697,2026-02-03 00:00:00,5996420
RV0698,2022-12-28 00:00:00,8335934
RV0699,2021-08-12 00:00:00,4991919
RV0700,2026-01-01 00:00:00,2110229
RV0701,2021-08-10 00:00:00,3229211
RV0702,2021-05-19 00:00:00,1480528
RV0703,2025-01-23 00:00:00,9798607
RV0704,2023-01-20 00:00:00,4750217
RV0705,2025-06-13 00:00:00,7154719
RV0706,2024-04-09 00:00:00,8932073
RV0707,2025-11-16 00:00:00,7154719
RV0708,2023-04-16 00:00:00,5102010
RV0709,2025-06-12 00:00:00,9417004
RV0710,2021-10-11 00:00:00,6288368
RV0711,2023-12-12 00:00:00,2173923
RV0712,2026-03-13 00:00:00,7948396
RV0713,2023-11-26 00:00:00,8303708
RV0714,2023-07-31 00:00:00,3229211
RV0715,2022-08-04 00:00:00,4319835
RV0716,2020-11-07 00:00:00,1921214
RV0717,2024-05-17 00:00:00,6822464
RV0718,2021-10-31 00:00:00,1726899
RV0719,2022-05-03 00:00:00,5854525
RV0720,2023-12-02 00:00:00,4427148
RV0721,2024-06-11 00:00:00,5202449
RV0722,2020-12-30 00:00:00,4845602
RV0723,2025-08-20 00:00:00,3175039
RV0724,2020-12-20 00:00:00,9717132
RV0725,2023-02-18 00:00:00,5076035
RV0726,2024-03-08 00:00:00,1060203
RV0727,2026-02-16 00:00:00,1217207
RV0728,2021-01-07 00:00:00,6981015
RV0729,2024-11-23 00:00:00,2846209
RV0730,2023-08-25 00:00:00,7475941
RV0731,2025-07-03 00:00:00,4108841
RV0732,2024-03-17 00:00:00,9211373
RV0733,2022-01-07 00:00:00,5044612
RV0734,2025-05-12 00:00:00,4034253
RV0735,2021-08-18 00:00:00,8342817
RV0736,2023-05-05 00:00:00,6107187
RV0737,2022-11-17 00:00:00,7962414
RV0738,2021-11-01 00:00:00,8108800
RV0739,2024-08-11 00:00:00,8636720
RV0740,2026-05-22 00:00:00,5102010
RV0741,2023-10-07 00:00:00,6067333
RV0742,2024-02-28 00:00:00,8831242
RV0743,2023-03-24 00:00:00,5583945
RV0744,2024-09-15 00:00:00,5541204
RV0745,2023-06-13 00:00:00,8069745
RV0746,2024-06-27 00:00:00,9168544
RV0747,2026-04-06 00:00:00,4665143
RV0748,2021-12-28 00:00:00,7895355
RV0749,2022-10-08 00:00:00,9898338
RV0750,2020-12-28 00:00:00,4779273
RV0751,2025-06-30 00:00:00,1480528
RV0752,2022-09-10 00:00:00,7301364
RV0753,2024-03-21 00:00:00,6581434
RV0754,2022-12-09 00:00:00,6597361
RV0755,2023-05-16 00:00:00,5535935
RV0756,2023-06-03 00:00:00,4531200
RV0757,2022-11-05 00:00:00,3021882
RV0758,2024-09-06 00:00:00,3179944
RV0759,2022-10-23 00:00:00,6605540
RV0760,2021-03-08 00:00:00,2471689
RV0761,2022-10-25 00:00:00,7670122
RV0762,2024-08-02 00:00:00,6270223
RV0763,2020-05-04 00:00:00,9431615
RV0764,2020-03-13 00:00:00,3577418
RV0765,2021-05-18 00:00:00,5010335
RV0766,2020-07-26 00:00:00,4925750
RV0767,2025-01-15 00:00:00,6518913
RV0768,2020-05-02 00:00:00,2700440
RV0769,2023-08-28 00:00:00,8747826
RV0770,2026-05-14 00:00:00,8106119
RV0771,2023-09-12 00:00:00,1295310
RV0772,2020-12-23 00:00:00,2042377
RV0773,2020-03-28 00:00:00,8287323
RV0774,2023-06-27 00:00:00,3175039
RV0775,2021-04-18 00:00:00,5583945
RV0776,2020-02-24 00:00:00,9371194
RV0777,2023-06-16 00:00:00,9602492
RV0778,2023-02-25 00:00:00,9776693
RV0779,2021-09-26 00:00:00,2226409
RV0780,2024-05-25 00:00:00,8567045
RV0781,2026-02-08 00:00:00,7433097
RV0782,2020-09-30 00:00:00,5040784
RV0783,2023-03-11 00:00:00,6978406
RV0784,2025-05-31 00:00:00,1896504
RV0785,2023-04-05 00:00:00,7986643
RV0786,2024-12-28 00:00:00,5687935
RV0787,2025-05-28 00:00:00,5284834
RV0788,2024-03-04 00:00:00,6431575
RV0789,2024-06-03 00:00:00,1107041
RV0790,2021-06-24 00:00:00,2627172
RV0791,2026-03-18 00:00:00,4662913
RV0792,2025-10-20 00:00:00,3683910
RV0793,2026-01-16 00:00:00,9494422
RV0794,2025-10-10 00:00:00,4105110
RV0795,2022-09-08 00:00:00,7986643
RV0796,2025-11-20 00:00:00,6537997
RV0797,2023-04-30 00:00:00,1171558
RV0798,2026-02-16 00:00:00,8387614
RV0799,2023-07-24 00:00:00,6259010
RV0800,2022-03-30 00:00:00,7443577
RV0801,2026-04-13 00:00:00,4531548
RV0802,2022-01-21 00:00:00,7079129
RV0803,2021-02-07 00:00:00,2846209
RV0804,2021-09-26 00:00:00,7116883
RV0805,2022-07-05 00:00:00,2954089
RV0806,2022-08-17 00:00:00,5959804
RV0807,2021-12-12 00:00:00,7454147
RV0808,2025-10-16 00:00:00,6408019
RV0809,2020-02-17 00:00:00,9221258
RV0810,2021-07-18 00:00:00,7408785
RV0811,2026-01-08 00:00:00,9932140
RV0812,2022-07-21 00:00:00,7396566
RV0813,2024-06-10 00:00:00,1124497
RV0814,2024-05-31 00:00:00,7655962
RV0815,2024-04-11 00:00:00,7116883
RV0816,2020-04-24 00:00:00,2479315
RV0817,2025-12-23 00:00:00,1791801
RV0818,2021-02-12 00:00:00,7725468
RV0819,2023-03-12 00:00:00,1646499
RV0820,2020-10-01 00:00:00,9593484
RV0821,2023-07-11 00:00:00,6503436
RV0822,2023-03-22 00:00:00,9235052
RV0823,2022-08-09 00:00:00,8879049
RV0824,2021-11-30 00:00:00,4726997
RV0825,2020-06-12 00:00:00,1726899
RV0826,2020-11-17 00:00:00,5428099
RV0827,2024-09-06 00:00:00,4315212
RV0828,2023-01-15 00:00:00,7971966
RV0829,2024-04-16 00:00:00,8557599
RV0830,2021-09-16 00:00:00,1872871
RV0831,2020-05-30 00:00:00,3577418
RV0832,2021-07-27 00:00:00,5186499
RV0833,2023-02-08 00:00:00,8535929
RV0834,2020-08-19 00:00:00,7809804
RV0835,2021-07-25 00:00:00,4746080
RV0836,2023-12-05 00:00:00,1223067
RV0837,2025-12-07 00:00:00,2409477
RV0838,2020-09-28 00:00:00,5519464
RV0839,2023-04-09 00:00:00,7215821
RV0840,2021-09-10 00:00:00,8558773
RV0841,2024-09-27 00:00:00,9638527
RV0842,2020-12-10 00:00:00,9463689
RV0843,2020-08-25 00:00:00,8061065
RV0844,2026-04-29 00:00:00,8592237
RV0845,2023-12-12 00:00:00,1750336
RV0846,2022-07-24 00:00:00,4892312
RV0847,2021-04-07 00:00:00,4845602
RV0848,2025-10-16 00:00:00,3303399
RV0849,2021-02-06 00:00:00,3401763
RV0850,2022-04-01 00:00:00,2227189
RV0851,2020-01-18 00:00:00,9798607
RV0852,2022-01-13 00:00:00,4142878
RV0853,2021-07-01 00:00:00,9199175
RV0854,2025-10-21 00:00:00,9243410
RV0855,2023-11-21 00:00:00,5296565
RV0856,2022-01-02 00:00:00,2281751
RV0857,2021-02-05 00:00:00,2997091
RV0858,2026-03-15 00:00:00,4736165
RV0859,2023-04-23 00:00:00,4863035
RV0860,2023-06-04 00:00:00,4034253
RV0861,2020-01-29 00:00:00,4056059
RV0862,2021-09-01 00:00:00,8891079
RV0863,2020-01-31 00:00:00,7971966
RV0864,2025-04-28 00:00:00,5943120
RV0865,2020-01-31 00:00:00,3042056
RV0866,2024-09-08 00:00:00,7411130
RV0867,2024-01-17 00:00:00,9199175
RV0868,2025-04-26 00:00:00,7869666
RV0869,2022-01-30 00:00:00,1850351
RV0870,2024-11-28 00:00:00,1567846
RV0871,2023-10-07 00:00:00,3740343
RV0872,2024-10-26 00:00:00,3551848
RV0873,2023-02-04 00:00:00,8689726
RV0874,2020-08-11 00:00:00,9160604
RV0875,2020-12-30 00:00:00,1890509
RV0876,2025-04-15 00:00:00,7146595
RV0877,2020-05-08 00:00:00,5242876
RV0878,2020-07-26 00:00:00,4039549
RV0879,2022-10-18 00:00:00,6638757
RV0880,2022-10-18 00:00:00,2240346
RV0881,2022-01-22 00:00:00,9405944
RV0882,2022-02-08 00:00:00,4298342
RV0883,2025-03-08 00:00:00,5284834
RV0884,2021-04-22 00:00:00,6113448
RV0885,2024-06-06 00:00:00,3740343
RV0886,2021-10-13 00:00:00,3756423
RV0887,2023-06-06 00:00:00,8714061
RV0888,2024-05-15 00:00:00,3383325
RV0889,2022-12-20 00:00:00,7172708
RV0890,2023-05-03 00:00:00,3990475
RV0891,2021-11-14 00:00:00,8358014
RV0892,2025-07-24 00:00:00,3195191
RV0893,2025-11-20 00:00:00,8133961
RV0894,2020-11-30 00:00:00,4340514
RV0895,2022-05-02 00:00:00,1567846
RV0896,2023-12-29 00:00:00,6859857
RV0897,2020-09-11 00:00:00,4164073
RV0898,2022-08-17 00:00:00,4736165
RV0899,2025-05-07 00:00:00,1349594
RV0900,2024-10-26 00:00:00,7962414
RV0901,2020-05-20 00:00:00,7146595
RV0902,2020-11-26 00:00:00,7050674
RV0903,2025-12-28 00:00:00,4822449
RV0904,2023-10-06 00:00:00,2645099
RV0905,2022-10-01 00:00:00,2479147
RV0906,2021-10-30 00:00:00,8461505
RV0907,2020-04-10 00:00:00,2062136
RV0908,2023-11-25 00:00:00,7983831
RV0909,2022-09-30 00:00:00,7660100
RV0910,2020-07-06 00:00:00,3756423
RV0911,2022-05-31 00:00:00,7915186
RV0912,2022-04-22 00:00:00,9830759
RV0913,2023-06-05 00:00:00,6014044
RV0914,2025-12-31 00:00:00,7803433
RV0915,2022-05-30 00:00:00,4732109
RV0916,2023-09-27 00:00:00,2242730
RV0917,2022-12-14 00:00:00,7308077
RV0918,2025-07-04 00:00:00,5499772
RV0919,2020-09-19 00:00:00,3042056
RV0920,2026-04-08 00:00:00,2877278
RV0921,2023-07-13 00:00:00,4001131
RV0922,2020-01-30 00:00:00,9430444
RV0923,2025-03-28 00:00:00,7652881
RV0924,2020-02-23 00:00:00,1009394
RV0925,2020-12-10 00:00:00,9839798
RV0926,2025-03-19 00:00:00,3600809
RV0927,2020-11-25 00:00:00,9084631
RV0928,2025-10-15 00:00:00,5957447
RV0929,2026-02-07 00:00:00,8768565
RV0930,2021-04-26 00:00:00,5139276
RV0931,2022-11-04 00:00:00,1538670
RV0932,2020-03-02 00:00:00,3021882
RV0933,2025-06-26 00:00:00,9275678
RV0934,2024-06-03 00:00:00,4923330
RV0935,2022-08-21 00:00:00,5968924
RV0936,2021-01-08 00:00:00,5239167
RV0937,2020-09-25 00:00:00,3551742
RV0938,2024-05-18 00:00:00,6069782
RV0939,2020-06-13 00:00:00,5263483
RV0940,2023-02-17 00:00:00,3789735
RV0941,2022-10-11 00:00:00,1042617
RV0942,2025-06-29 00:00:00,2087166
RV0943,2022-04-23 00:00:00,5535935
RV0944,2020-02-24 00:00:00,7600760
RV0945,2020-11-09 00:00:00,5026727
RV0946,2023-03-01 00:00:00,1777470
RV0947,2025-03-24 00:00:00,9421908
RV0948,2023-08-12 00:00:00,6481643
RV0949,2024-03-19 00:00:00,9065051
RV0950,2023-02-18 00:00:00,3303399
RV0951,2021-08-01 00:00:00,2679006
RV0952,2020-11-09 00:00:00,7941521
RV0953,2024-06-08 00:00:00,4318131
RV0954,2022-12-08 00:00:00,6288368
RV0955,2023-03-04 00:00:00,6440022
RV0956,2020-01-25 00:00:00,9163112
RV0957,2022-06-15 00:00:00,8636720
RV0958,2020-01-04 00:00:00,4296617
RV0959,2023-08-30 00:00:00,9275678
RV0960,2025-03-14 00:00:00,1126291
RV0961,2021-09-24 00:00:00,8768565
RV0962,2020-01-22 00:00:00,4076737
RV0963,2021-09-02 00:00:00,2541864
RV0964,2024-04-13 00:00:00,2759137
RV0965,2020-11-07 00:00:00,3385977
RV0966,2024-02-18 00:00:00,2784030
RV0967,2022-08-14 00:00:00,3064324
RV0968,2024-06-19 00:00:00,8507340
RV0969,2020-05-26 00:00:00,5875077
RV0970,2024-10-03 00:00:00,3838458
RV0971,2022-09-30 00:00:00,4073364
RV0972,2022-03-12 00:00:00,7520358
RV0973,2024-12-14 00:00:00,6978406
RV0974,2023-02-24 00:00:00,3094246
RV0975,2020-02-16 00:00:00,6719179
RV0976,2021-04-03 00:00:00,3031113
RV0977,2020-06-19 00:00:00,3374515
RV0978,2021-07-25 00:00:00,2886402
RV0979,2024-08-09 00:00:00,5699040
RV0980,2025-07-24 00:00:00,6807034
RV0981,2024-05-29 00:00:00,9660746
RV0982,2023-02-21 00:00:00,3700224
RV0983,2021-04-22 00:00:00,5219599
RV0984,2021-06-01 00:00:00,3245969
RV0985,2022-01-28 00:00:00,6822464
RV0986,2024-06-20 00:00:00,4427148
RV0987,2020-04-01 00:00:00,9417004
RV0988,2025-02-17 00:00:00,7201056
RV0989,2025-05-02 00:00:00,3580414
RV0990,2025-04-10 00:00:00,6307934
RV0991,2023-10-18 00:00:00,6353048
RV0992,2021-12-03 00:00:00,2849126
RV0993,2025-07-05 00:00:00,4076737
RV0994,2023-11-11 00:00:00,5362067
RV0995,2021-10-08 00:00:00,1449069
RV0996,2025-11-29 00:00:00,6301993
RV0997,2025-08-14 00:00:00,2212846
RV0998,2024-04-09 00:00:00,5704191
RV0999,2020-11-26 00:00:00,9987916
RV1000,2021-02-03 00:00:00,6765943
